"time","der(omega1)","der(omega2)","der(phi1)","der(phi2)","omega1","omega2","phi1","phi2"
0,27.5,-16,0,0,0,0,0,1
0.002,27.45415742020236,-15.94955341087413,0.05495461726777164,-0.03194975879758329,0.05495461726777164,-0.03194975879758329,5.496365506149592e-05,0.9999680403181539
0.004,27.40364112637956,-15.89702159311139,0.1098124050094911,-0.06379632878951683,0.1098124050094911,-0.06379632878951683,0.0002197308778511915,0.9998722942698172
0.006,27.34846819851938,-15.8424162812674,0.1645645891770843,-0.09553579993043876,0.1645645891770843,-0.09553579993043876,0.0004941097008116443,0.9997129603580169
0.008,27.28865652090922,-15.78574960128279,0.2192023278618321,-0.1271642394659952,0.2192023278618321,-0.1271642394659952,0.0008778899470869716,0.999490246477019
0.01,27.22422564941058,-15.72703468786679,0.2737162196639036,-0.158677471830263,0.2737162196639036,-0.158677471830263,0.001370834708103182,0.9992043799865638
0.012,27.15519645185881,-15.66628536448522,0.3280966447365203,-0.1900712340253404,0.3280966447365203,-0.1900712340253404,0.001972680235597618,0.9988556035534066
0.014,27.08159030978962,-15.60351555462326,0.3823342612663805,-0.2213413987284168,0.3823342612663805,-0.2213413987284168,0.002683142622182556,0.9984441658871651
0.016,27.00342917209514,-15.53873922350053,0.4364201819371037,-0.2524840573150423,0.4364201819371037,-0.2524840573150423,0.003501911787458129,0.9979703223955023
0.018,26.92073502595343,-15.4719704309059,0.4903453534871981,-0.2834952240323961,0.4903453534871981,-0.2834952240323961,0.004428681103631288,0.9974343289113851
0.02,26.83353088204279,-15.40322378122352,0.5441005368959821,-0.3143708376662064,0.5441005368959821,-0.3143708376662064,0.005463123420926201,0.9968364532145219
0.022,26.74183972228113,-15.33251374692696,0.597676748260479,-0.3451069559032953,0.597676748260479,-0.3451069559032953,0.006604905533997069,0.9961769627835614
0.024,26.64568657897455,-15.25985565181303,0.6510651451842685,-0.3756997252852948,0.6510651451842685,-0.3756997252852948,0.007853639494089815,0.9954561491017018
0.026,26.54509572929968,-15.18526453504036,0.7042567713491891,-0.4061452307116029,0.7042567713491891,-0.4061452307116029,0.009208959158050253,0.9946742948064168
0.028,26.44009311584873,-15.10875611775979,0.7572428058251253,-0.436439638774635,0.7572428058251253,-0.436439638774635,0.01067045337903667,0.9938317020389861
0.03,26.33070480708322,-15.03034617040588,0.810014442958521,-0.4665791245354074,0.810014442958521,-0.4665791245354074,0.01223770748231989,0.9929286744215994
0.032,26.21695764522659,-14.9500507832532,0.8625629336720599,-0.4965598980332307,0.8625629336720599,-0.4965598980332307,0.01391028605445995,0.9919655246391594
0.034,26.09887951226674,-14.86788647126897,0.9148796161897176,-0.5263782214731003,0.9148796161897176,-0.5263782214731003,0.01568772552714211,0.9909425775670749
0.036,25.97649800052499,-14.78386963122232,0.9669558041569362,-0.5560303424093733,0.9669558041569362,-0.5560303424093733,0.01756957018222507,0.9898601546843395
0.038,25.8498423895441,-14.69801734294107,1.018782966137157,-0.5855125991768485,1.018782966137157,-0.5855125991768485,0.01955531827092501,0.9887185972600562
0.04,25.71894181455369,-14.61034662859282,1.070352555771567,-0.6148213215750452,1.070352555771567,-0.6148213215750452,0.0216444720246603,0.9875182448692781
0.042,25.58382617502718,-14.52087482057459,1.121656095053997,-0.6439528796849125,1.121656095053997,-0.6439528796849125,0.02383651287166704,0.9862594460497266
0.044,25.44452609746904,-14.42961954456346,1.17268517505891,-0.6729036837714071,1.17268517505891,-0.6729036837714071,0.0261309023463881,0.98494255786945
0.046,25.30107322387382,-14.33659883140002,1.223431493204984,-0.701670204755707,1.223431493204984,-0.701670204755707,0.02852707394472468,0.9835679493212398
0.048,25.15349937226523,-14.24183079041815,1.273886747170449,-0.7302489157215465,1.273886747170449,-0.7302489157215465,0.03102445676631194,0.9821359914467201
0.05,25.00183717236063,-14.14533385680931,1.324042715223501,-0.7586363362083339,1.324042715223501,-0.7586363362083339,0.03362245761189468,0.980647064814678
0.052,24.84611977185443,-14.04712665168175,1.373891275440854,-0.7868290376561708,1.373891275440854,-0.7868290376561708,0.03632046781366863,0.9791015561192303
0.054,24.68638093452542,-13.9472280392421,1.42342437635562,-0.8148236310394544,1.42342437635562,-0.8148236310394544,0.03911786154071536,0.9774998592942774
0.056,24.52265519928428,-13.8456572194958,1.472633989372794,-0.8426167468189507,1.472633989372794,-0.8426167468189507,0.04201399305183908,0.9758423773202083
0.058,24.35497767611363,-13.7424336093113,1.521512169820766,-0.8702050606635297,1.521512169820766,-0.8702050606635297,0.0450082002202106,0.9741295199058753
0.06,24.18338320938074,-13.63757645470074,1.570051087843161,-0.8975852979642011,1.570051087843161,-0.8975852979642011,0.04809982460855024,0.9723616937825291
0.062,24.00790798116458,-13.531105587083,1.618242940034383,-0.9247542117655629,1.618242940034383,-0.9247542117655629,0.05128817374692662,0.970539321276547
0.064,23.82858871189387,-13.4230410462378,1.666079993495003,-0.9517085937683993,1.666079993495003,-0.9517085937683993,0.05457253993970953,0.9686628310497302
0.066,23.64546249844097,-13.3134030043376,1.713554593895984,-0.9784452761602199,1.713554593895984,-0.9784452761602199,0.05795220409813782,0.9667326562242857
0.068,23.45856616201456,-13.20221146125528,1.76065919520566,-1.004961137712429,1.76065919520566,-1.004961137712429,0.06142645125151812,0.9647492268323763
0.07,23.26793809119929,-13.0894871067742,1.807386273391651,-1.031253085491017,1.807386273391651,-1.031253085491017,0.06499452677016904,0.9627129911571006
0.072,23.07361684324382,-12.97525066624336,1.853728391913843,-1.057318068736607,1.853728391913843,-1.057318068736607,0.06865566958852191,0.9606243995364873
0.074,22.87564139654024,-12.859523010441,1.899678208135482,-1.083153084734045,1.899678208135482,-1.083153084734045,0.07240910574906255,0.9584839073117899
0.076,22.67405115122451,-12.74232515590313,1.945228473189975,-1.108755178758171,1.945228473189975,-1.108755178758171,0.07625404839071477,0.9562919748342994
0.078,22.46888622283328,-12.6236784255594,1.990371966837094,-1.134121417552987,1.990371966837094,-1.134121417552987,0.0801896920675115,0.9540490707958142
0.08,22.26018715607279,-12.50360429215919,2.035101560959486,-1.159248915181861,2.035101560959486,-1.159248915181861,0.08421521828626022,0.9517556689823863
0.082,22.0479950507332,-12.38212441539291,2.079410261672287,-1.184134853853208,2.079410261672287,-1.184134853853208,0.08832979129980432,0.9494122497905664
0.084,21.83235150609667,-12.25926065076602,2.123291135010418,-1.20877644911166,2.123291135010418,-1.20877644911166,0.09253256137297745,0.9470192994878033
0.086,21.61329862536515,-12.13503504889228,2.166737312847489,-1.233170952610544,2.166737312847489,-1.233170952610544,0.09682266452247447,0.9445773102713534
0.088,21.39087903726449,-12.00946984952338,2.209742027333962,-1.257315668195282,2.209742027333962,-1.257315668195282,0.1011992211069686,0.9420867805625727
0.09,21.16513556737182,-11.88258735211522,2.252298572525602,-1.281207930482948,2.252298572525602,-1.281207930482948,0.1056613449889382,0.9395482111298873
0.092,20.93611185056098,-11.75441016546264,2.294400357259277,-1.304845136212707,2.294400357259277,-1.304845136212707,0.1102081269339387,0.936962112290192
0.094,20.7038518959373,-11.62496102928838,2.336040869965729,-1.328224723067044,2.336040869965729,-1.328224723067044,0.1148386463432391,0.9343289987961004
0.096,20.46840004836573,-11.49426279533267,2.377213682525246,-1.351344170992715,2.377213682525246,-1.351344170992715,0.1195519721185557,0.9316493893958179
0.098,20.22980072840193,-11.36233831575801,2.41791244024603,-1.374200994586188,2.41791244024603,-1.374200994586188,0.1243471694033025,0.9289238037966859
0.1,19.98809922633389,-11.2292107816254,2.458130897406665,-1.3967927686171,2.458130897406665,-1.3967927686171,0.1292232788746694,0.9261527719417882
0.102,19.74334103938858,-11.09490343934853,2.497862889826637,-1.419117107753265,2.497862889826637,-1.419117107753265,0.1341793339718723,0.9233368262692733
0.104,19.49557198813159,-10.9594396374254,2.537102346557833,-1.441171673271836,2.537102346557833,-1.441171673271836,0.1392143577054133,0.9204765030889197
0.106,19.24483823233949,-10.82284283449667,2.575843287652417,-1.462954172224952,2.575843287652417,-1.462954172224952,0.1443273623106858,0.9175723427571647
0.108,18.99118628881721,-10.68513660835409,2.614079821745463,-1.484462356543214,2.614079821745463,-1.484462356543214,0.1495173488572997,0.9146248898740833
0.11,18.73466296912012,-10.54634462583109,2.651806151265882,-1.505694024698775,2.651806151265882,-1.505694024698775,0.1547833086817287,0.9116346925763632
0.112,18.47531623937411,-10.40649101493739,2.689016598639701,-1.526647043713585,2.689016598639701,-1.526647043713585,0.1601242012875127,0.9086023125802671
0.114,18.21319375782652,-10.26559973182157,2.7257055618339,-1.547319311784724,2.7257055618339,-1.547319311784724,0.165538991926562,0.9055283080951377
0.116,17.94834367901824,-10.12369490801949,2.761867540675047,-1.567708779697595,2.761867540675047,-1.567708779697595,0.1710266308872461,0.9024132432219574
0.118,17.68081461075582,-9.980800831299133,2.797497136714292,-1.587813450265852,2.797497136714292,-1.587813450265852,0.1765860545708623,0.8992576874525312
0.12,17.4106555575369,-9.836941920646677,2.832589052669357,-1.607631377419977,2.832589052669357,-1.607631377419977,0.1822161869165035,0.8960622150103787
0.122,17.13791592115401,-9.692142725981483,2.86713809365191,-1.627160666778846,2.86713809365191,-1.627160666778846,0.1879159393554036,0.892827404859745
0.124,16.86264550129839,-9.546427927871107,2.901139168394948,-1.646399476221309,2.901139168394948,-1.646399476221309,0.193684210765284,0.889553840714612
0.126,16.58489294403822,-9.399821680324486,2.934587210175448,-1.66534596161996,2.934587210175448,-1.66534596161996,0.1995199281408883,0.8862420928658311
0.128,16.30470696874848,-9.25234812953733,2.967477241490069,-1.68399832073976,2.967477241490069,-1.68399832073976,0.2054220143786883,0.8828927325555391
0.13,16.0221388844115,-9.104032478350936,2.999804505441041,-1.702354882691121,2.999804505441041,-1.702354882691121,0.2113893222381245,0.8795063614554911
0.132,15.73723905726698,-8.954899490679395,3.031564284173625,-1.720413983679488,3.031564284173625,-1.720413983679488,0.217420726974289,0.8760835702904177
0.134,15.45005806891348,-8.804973981124046,3.062751959990749,-1.738174008472199,3.062751959990749,-1.738174008472199,0.2235150959281727,0.8726249524061709
0.136,15.16064670248882,-8.654280808583945,3.093363015834143,-1.755633390460471,3.093363015834143,-1.755633390460471,0.2296712888593725,0.8691311036097773
0.138,14.86905643079494,-8.502845089141152,3.123393046668173,-1.772790622557371,3.123393046668173,-1.772790622557371,0.2358881454976476,0.8656026278761098
0.14,14.57534094536734,-8.350692863683706,3.152837793473994,-1.789644290567735,3.152837793473994,-1.789644290567735,0.2421644465886028,0.862040155220901
0.142,14.27955077889545,-8.197848748352579,3.181693027224721,-1.806192957457143,3.181693027224721,-1.806192957457143,0.2484990508053488,0.8584442788503082
0.144,13.98173810345099,-8.044338030299658,3.209954653888815,-1.822435267296532,3.209954653888815,-1.822435267296532,0.2548907725506618,0.8548156112431586
0.146,13.68195534482389,-7.890186062006678,3.237618685113447,-1.838369915708763,3.237618685113447,-1.838369915708763,0.2613384172213588,0.8511547679571769
0.148,13.38025517742674,-7.735418258706768,3.264681238895123,-1.853995650118935,3.264681238895123,-1.853995650118935,0.2678407813188646,0.8474623675710016
0.15,13.07669051919909,-7.580060095805939,3.291138540250318,-1.869311270004706,3.291138540250318,-1.869311270004706,0.2743966525597792,0.8437390316262012
0.152,12.77131273546956,-7.424136340292665,3.316986847408189,-1.884315572203467,3.316986847408189,-1.884315572203467,0.2810048565607386,0.8399853636616617
0.154,12.46417561675572,-7.267672751606358,3.342222618104148,-1.899007473344459,3.342222618104148,-1.899007473344459,0.2876641533777042,0.8362019956497052
0.156,12.15533247921201,-7.11069484112705,3.366842389888701,-1.913385921306932,3.366842389888701,-1.913385921306932,0.2943733128840236,0.8323895541498355
0.158,11.84483668899862,-6.953228096043945,3.390842802815098,-1.927449911712643,3.390842802815098,-1.927449911712643,0.3011311011127916,0.8285486664314278
0.16,11.53274175857016,-6.795298020138015,3.414220604325866,-1.941198491286299,3.414220604325866,-1.941198491286299,0.3079362777310222,0.8246799615992494
0.162,11.21910133692768,-6.636930129213749,3.436972649729979,-1.954630757963158,3.436972649729979,-1.954630757963158,0.314787596271194,0.8207840704811667
0.164,10.90396975757011,-6.478150193345953,3.45909590792545,-1.967745869904605,3.45909590792545,-1.967745869904605,0.3216837903541341,0.8168616320445027
0.166,10.58740114871648,-6.318983842846153,3.480587453599406,-1.98054303154928,3.480587453599406,-1.98054303154928,0.3286235960257387,0.8129132829817683
0.168,10.26944947657278,-6.15945658715656,3.501444468203886,-1.99302149456747,3.501444468203886,-1.99302149456747,0.3356057506568583,0.8089396582189839
0.17,9.950169057373241,-5.999594041204469,3.521664245340679,-2.005180566303105,3.521664245340679,-2.005180566303105,0.3426289800681963,0.8049413969116557
0.172,9.629614328546566,-5.839421823875568,3.541244189177888,-2.017019606381957,3.541244189177888,-2.017019606381957,0.3496920042649983,0.8009191397677798
0.174,9.307839841131631,-5.678965554403248,3.56018181494745,-2.028538026853801,3.56018181494745,-2.028538026853801,0.3567935376142518,0.7968735289608794
0.176,8.984899914282455,-5.518250711114902,3.578474720227143,-2.0397352750171,3.578474720227143,-2.0397352750171,0.3639322981963649,0.7928052040838039
0.178,8.660848608582294,-5.357302620040475,3.596120583786595,-2.050610832582235,3.596120583786595,-2.050610832582235,0.3711070085009873,0.7887148018379585
0.18,8.335740976196165,-5.196146963622477,3.613117274827755,-2.061164280270983,3.613117274827755,-2.061164280270983,0.3783163614558882,0.7846029706829987
0.182,8.009631698296186,-5.034809225169775,3.629462736330985,-2.071395228517237,3.629462736330985,-2.071395228517237,0.3855590573929694,0.7804703548737075
0.184,7.682575492421067,-4.87331485426818,3.645155021428294,-2.081303338874481,3.645155021428294,-2.081303338874481,0.3928337929594849,0.7763175992348469
0.186,7.354627102257201,-4.711689262096584,3.660192293673071,-2.090888324022921,3.660192293673071,-2.090888324022921,0.4001392613667726,0.7721453490433252
0.188,7.025841332502258,-4.549957837509008,3.674572825927857,-2.100149947668803,3.674572825927857,-2.100149947668803,0.4074741515517238,0.7679542504353816
0.19,6.696273584698136,-4.388146193873227,3.688294983895573,-2.109088023245489,3.688294983895573,-2.109088023245489,0.4148371352563042,0.7637449566478922
0.192,6.365978409214359,-4.226279502108317,3.70135727046304,-2.117702417359525,3.70135727046304,-2.117702417359525,0.4222269019518509,0.7595181111564197
0.194,6.03501069873142,-4.064383040450308,3.71375828907279,-2.125993046918759,3.71375828907279,-2.125993046918759,0.4296421300579473,0.7552743615752998
0.196,5.703425344754327,-3.902482036258575,3.725496754208677,-2.133959879936585,3.725496754208677,-2.133959879936585,0.4370814952286144,0.7510143556586857
0.198,5.371277229016773,-3.74060166207959,3.736571491615834,-2.141602935535201,3.736571491615834,-2.141602935535201,0.4445436705618965,0.7467387412016162
0.2,5.038621214885277,-3.578767031710677,3.746981438520659,-2.148922283948857,3.746981438520659,-2.148922283948857,0.4520273268094469,0.7424481659410845
0.202,4.705511945528595,-3.417003135205912,3.756725588306275,-2.155918018818539,3.756725588306275,-2.155918018818539,0.4595311388320206,0.7381432751626025
0.204,4.372004222476289,-3.255334957272021,3.765803102018333,-2.162590312710556,3.765803102018333,-2.162590312710556,0.4670537732951128,0.7338247161984122
0.206,4.038152784396576,-3.093787406146982,3.77421324746647,-2.168939386630609,3.77421324746647,-2.168939386630609,0.4745938957512423,0.729493135803792
0.208,3.704012275245159,-2.932385302315616,3.781955392759639,-2.174965506692379,3.781955392759639,-2.174965506692379,0.4821501716012165,0.7251491797819862
0.21,3.369637268484556,-2.7711533849422,3.789029015958648,-2.18066898882626,3.789029015958648,-2.18066898882626,0.4897212652430364,0.7207934932749277
0.212,3.035082257893052,-2.610116307746165,3.79543370512503,-2.186050198697254,3.79543370512503,-2.186050198697254,0.4973058403007236,0.7164267206572396
0.214,2.700401834927944,-2.449298723040521,3.801169147755039,-2.19110954893138,3.801169147755039,-2.19110954893138,0.5049025554811937,0.7120495076001447
0.216,2.365650474899753,-2.288725180900267,3.806235142472141,-2.195847501985911,3.806235142472141,-2.195847501985911,0.5125100695987541,0.7076624985852552
0.218,2.030882336792675,-2.128420034779801,3.810631609943045,-2.200264572822723,3.810631609943045,-2.200264572822723,0.5201270462797978,0.7032663345770909
0.22,1.696151596336239,-1.968407599136798,3.814358573451959,-2.204361323888253,3.814358573451959,-2.204361323888253,0.5277521461706076,0.698861656898111
0.222,1.361512318074058,-1.808712089193075,3.817416165705719,-2.208138366744494,3.817416165705719,-2.208138366744494,0.5353840299488921,0.694449105741589
0.224,1.02701844713079,-1.649357617263021,3.819804628828136,-2.211596361973076,3.819804628828136,-2.211596361973076,0.54302135853016,0.6900293200767562
0.226,0.692723766355608,-1.490368178841125,3.821524302865795,-2.214736013409202,3.821524302865795,-2.214736013409202,0.5506627944327765,0.6856029371416168
0.228,0.3586818248520995,-1.331767630226206,3.822575604799403,-2.217558057689654,3.822575604799403,-2.217558057689654,0.5583070041005811,0.6811705915950039
0.23,0.02494620187118601,-1.173579765339015,3.822959118833511,-2.220063308721777,3.822959118833511,-2.220063308721777,0.5659526490025059,0.6767329186624633
0.232,-0.3084297556810794,-1.015828236846121,3.822675512023971,-2.222252615948614,3.822675512023971,-2.222252615948614,0.5735983943477894,0.6722905510134335
0.234,-0.6413928675920072,-0.8585365743418536,3.821725558788255,-2.224126876352741,3.821725558788255,-2.224126876352741,0.581242906819789,0.6678441195462795
0.236,-0.9738901289878995,-0.7017281805546816,3.820110140762912,-2.225687034292775,3.820110140762912,-2.225687034292775,0.5888848547961617,0.6633942532885233
0.238,-1.30586871897965,-0.545426327553634,3.817830246661019,-2.226934081339881,3.817830246661019,-2.226934081339881,0.596522908569046,0.6589415792970751
0.24,-1.63727585289755,-0.3896542376603991,3.81488693945668,-2.227869042956839,3.81488693945668,-2.227869042956839,0.604155737507644,0.6544867243552516
0.242,-1.968059149432499,-0.2344348855091631,3.811281431129312,-2.228493008491578,3.811281431129312,-2.228493008491578,0.6117820172864593,0.6500303107547483
0.244,-2.298166361239981,-0.07979114482900007,3.807015024440442,-2.228807107624536,3.807015024440442,-2.228807107624536,0.6194004246701781,0.6455729593899057
0.246,-2.627545450396718,0.07425425153186183,3.80208912674745,-2.228812515825373,3.80208912674745,-2.228812515825373,0.6270096390399054,0.6411152888904398
0.248,-2.956144600258817,0.227678717139403,3.796505250532095,-2.228510454459729,3.796505250532095,-2.228510454459729,0.634608342676149,0.6366579154847706
0.25,-3.283912223725299,0.3804598155604997,3.790265013178145,-2.227902190593587,3.790265013178145,-2.227902190593587,0.6421952209715299,0.6322014529046414
0.252,-3.610796979401798,0.5325752519420748,3.78337010252175,-2.226989021007083,3.78337010252175,-2.226989021007083,0.6497689637155956,0.6277465121651454
0.254,-3.936747766345,0.6840028971454291,3.775822335199946,-2.22577229902021,3.775822335199946,-2.22577229902021,0.657328263472917,0.6232937016825562
0.256,-4.261713735604421,0.8347207863504014,3.767623642225619,-2.224253427744867,3.767623642225619,-2.224253427744867,0.6648718162406715,0.6188436271272467
0.258,-4.585644303809373,0.9847071145507258,3.758776045701083,-2.222433849248747,3.758776045701083,-2.222433849248747,0.6723983223837889,0.6143968912443541
0.26,-4.908489158899873,1.13394024399021,3.749281669568553,-2.220315049421964,3.749281669568553,-2.220315049421964,0.6799064865039629,0.6099540937983406
0.262,-5.2301982684196,1.282398707704489,3.739142739259874,-2.217898557722405,3.739142739259874,-2.217898557722405,0.6873950176563678,0.605515831477151
0.264,-5.550721815922461,1.430061175112563,3.728361568459008,-2.215185941845396,3.728361568459008,-2.215185941845396,0.6948626281029184,0.6010826986203635
0.266,-5.870010234536169,1.576906468899403,3.71694056328209,-2.212178809253349,3.71694056328209,-2.212178809253349,0.7023080340434446,0.5966552868336827
0.268,-6.188014414220637,1.722913673595446,3.704882257596095,-2.208878820969483,3.704882257596095,-2.208878820969483,0.7097299598829254,0.5922341826124582
0.27,-6.504685477094989,1.868062016131093,3.69218927090427,-2.205287674874131,3.69218927090427,-2.205287674874131,0.7171271337055082,0.5878199699162068
0.272,-6.819974858973727,2.012330908044974,3.678864321126311,-2.201407110621584,3.678864321126311,-2.201407110621584,0.7244982889823032,0.5834132292332204
0.274,-7.133834317167138,2.155699948765692,3.664910224159794,-2.197238909350676,3.664910224159794,-2.197238909350676,0.7318421647780734,0.5790145374903678
0.276,-7.446215925589043,2.298148921149908,3.650329888864755,-2.192784891442572,3.650329888864755,-2.192784891442572,0.739157505757852,0.5746244681056564
0.278,-7.75707199687486,2.439657742490326,3.6351262857291,-2.18804690304912,3.6351262857291,-2.18804690304912,0.7464430610430476,0.5702435918617476
0.28,-8.066355335986055,2.580206617759442,3.61930253506396,-2.183026853620394,3.61930253506396,-2.183026853620394,0.7536975882926703,0.5658724740510748
0.282,-8.374019037167786,2.719775914258695,3.602861830537768,-2.177726683177087,3.602861830537768,-2.177726683177087,0.7609198505865687,0.5615116767571012
0.284,-8.680016550793658,2.858346200922421,3.58580746002834,-2.172148371105057,3.58580746002834,-2.172148371105057,0.7681086175628185,0.5571617581000199
0.286,-8.984301690868696,2.995898251418127,3.568142805077039,-2.16629393582015,3.568142805077039,-2.16629393582015,0.7752626656197222,0.5528232721499003
0.288,-9.286828642532345,3.132413047246771,3.549871340342956,-2.160165434433011,3.549871340342956,-2.160165434433011,0.7823807781178125,0.5484967688398357
0.29,-9.587551803819153,3.267871694015004,3.530996604779176,-2.15376495136005,3.530996604779176,-2.15376495136005,0.7894617421654339,0.5441827957745414
0.292,-9.886426140188837,3.402255606333807,3.511522260294492,-2.147094621132537,3.511522260294492,-2.147094621132537,0.7965043559739556,0.539881894174853
0.294,-10.18340697456101,3.53554639699287,3.49145205410453,-2.140156613557806,3.49145205410453,-2.140156613557806,0.8035074245771356,0.5355946012778685
0.296,-10.47845000322825,3.667725884466674,3.470789819620789,-2.132953133944965,3.470789819620789,-2.132953133944965,0.8104697602064777,0.5313214501539185
0.298,-10.7715113237769,3.798776106711142,3.449539479388376,-2.125486424131436,3.449539479388376,-2.125486424131436,0.8173901829141018,0.527062969386211
0.3,-11.0625474421128,3.928679324013882,3.427705044458738,-2.117758762115947,3.427705044458738,-2.117758762115947,0.8242675207649078,0.5228196829894367
0.302,-11.35151520224214,4.057417978513987,3.405290594249679,-2.109772453629496,3.405290594249679,-2.109772453629496,0.8311006085952923,0.5185921112024725
0.304,-11.63837189375543,4.184974753404277,3.382300301294749,-2.101529842253138,3.382300301294749,-2.101529842253138,0.8378882900695335,0.5143807692702067
0.306,-11.92307530111603,4.311332599488814,3.358738441291913,-2.093033313461901,3.358738441291913,-2.093033313461901,0.844629418656232,0.5101861668839001
0.308,-12.20558359866523,4.436474675195286,3.334609364178934,-2.084285282566246,3.334609364178934,-2.084285282566246,0.8513228557416888,0.5060088093674108
0.31,-12.48585539873427,4.560384372472569,3.309917503884849,-2.075288198633204,3.309917503884849,-2.075288198633204,0.8579674715845133,0.5018491971308682
0.312,-12.76384975830926,4.683045319438607,3.28466737761159,-2.06604454408171,3.28466737761159,-2.06604454408171,0.864562145501093,0.4977078255933617
0.314,-13.03952613811597,4.804441358314479,3.258863577451563,-2.056556831310427,3.258863577451563,-2.056556831310427,0.8711057650570116,0.4935851856484671
0.316,-13.3128443623147,4.924556523675436,3.232510762103529,-2.04682759936362,3.232510762103529,-2.04682759936362,0.8775972252712171,0.4894817641228126
0.318,-13.58376490579021,5.043375190859113,3.205613701356127,-2.036859431028693,3.205613701356127,-2.036859431028693,0.8840354346643255,0.4853980404971328
0.32,-13.85224862660386,5.160881936183616,3.17817723120042,-2.026654935329241,3.17817723120042,-2.026654935329241,0.8904193097152172,0.4813344899574342
0.322,-14.11825685375861,5.277061581719847,3.150206266174754,-2.016216752178484,3.150206266174754,-2.016216752178484,0.8967477767408523,0.4772915823924163
0.324,-14.38175139339008,5.391899197693252,3.121705798570062,-2.005547551945052,3.121705798570062,-2.005547551945052,0.9030197720718395,0.4732697823215661
0.326,-14.64269453290459,5.50538010381242,3.092680897289269,-1.994650034883682,3.092680897289269,-1.994650034883682,0.9092342421854599,0.4692695488466194
0.328,-14.90104885444901,5.617489770935329,3.063136674586266,-1.983526918021687,3.063136674586266,-1.983526918021687,0.9153901398875579,0.4652913377731929
0.33,-15.15677769871039,5.728214062663349,3.033078362361108,-1.972180964831255,3.033078362361108,-1.972180964831255,0.9214864339709296,0.4613355963304127
0.332,-15.40984480050048,5.837539044026729,3.002511248931959,-1.960614960412653,3.002511248931959,-1.960614960412653,0.9275221017109753,0.4574027673172235
0.334,-15.66021439590265,5.945451036656,2.971440695247663,-1.948831717701995,2.971440695247663,-1.948831717701995,0.9334961311333314,0.4534932878814108
0.336,-15.90785122799521,6.051936620939241,2.939872134014224,-1.936834077006247,2.939872134014224,-1.936834077006247,0.939407521179745,0.4496075894530184
0.338,-16.15272055257481,6.156982638179325,2.907811068821292,-1.924624905538235,2.907811068821292,-1.924624905538235,0.94525528187395,0.4457460976777666
0.34,-16.39478798570271,6.260576113445893,2.875263054057428,-1.912207089956511,2.875263054057428,-1.912207089956511,0.9510384310200032,0.44190923415834
0.342,-16.63401979940248,6.362704403117196,2.842233729255127,-1.899583548724041,2.842233729255127,-1.899583548724041,0.9567560007249463,0.4380974130735679
0.344,-16.87038281651526,6.463355141451343,2.808728804751921,-1.886757226740237,2.808728804751921,-1.886757226740237,0.9624070351342423,0.4343110423789995
0.346,-17.10384434635484,6.562516207613433,2.774754052306818,-1.873731091777296,2.774754052306818,-1.873731091777296,0.9679905890616252,0.4305505245411603
0.348,-17.33437223119547,6.660175748270866,2.740315309177777,-1.860508135817963,2.740315309177777,-1.860508135817963,0.9735057290486057,0.4268162560050567
0.35,-17.56193485144752,6.756322179476061,2.705418477181692,-1.84709137456631,2.705418477181692,-1.84709137456631,0.9789515335183439,0.4231086271338521
0.352,-17.78650104080021,6.850944143662678,2.670069511369383,-1.833483843227048,2.670069511369383,-1.833483843227048,0.9843270909405997,0.4194280231768909
0.354,-18.00804015261264,6.944030542047585,2.634274426146545,-1.819688598553428,2.634274426146545,-1.819688598553428,0.9896315013379133,0.4157748235101802
0.356,-18.2265222451185,7.035570626267877,2.598039315099382,-1.805708725819459,2.598039315099382,-1.805708725819459,0.9948638804164905,0.4121493995197966
0.358,-18.44191785058033,7.125553882593898,2.561370322830398,-1.791547328548623,2.561370322830398,-1.791547328548623,1.000023354506129,0.4085521172373717
0.36,-18.65419805703798,7.213970071987639,2.524273652850748,-1.777207531198272,2.524273652850748,-1.777207531198272,1.005109062405655,0.404983336405165
0.362,-18.86333451293563,7.300809231711898,2.486755566576925,-1.762692478647679,2.486755566576925,-1.762692478647679,1.010120155524673,0.4014434104220066
0.364,-19.06929939808038,7.386061660523769,2.448822379257757,-1.748005334663788,2.448822379257757,-1.748005334663788,1.015055797260602,0.3979326866744345
0.366,-19.27206529003489,7.469717852885171,2.410480446367687,-1.733149277191951,2.410480446367687,-1.733149277191951,1.019915160000696,0.3944515080641477
0.368,-19.47160561270216,7.551768717031419,2.371736203080935,-1.718127511324187,2.371736203080935,-1.718127511324187,1.02469743534744,0.3910002078747268
0.37,-19.66789424924802,7.632205385597921,2.332596127554868,-1.702943256893626,2.332596127554868,-1.702943256893626,1.029401825363484,0.3875791141989827
0.372,-19.86090565782404,7.711019271396062,2.293066750055736,-1.687599751335838,2.293066750055736,-1.687599751335838,1.034027545236724,0.3841885486138781
0.374,-20.05061487561388,7.788202068739248,2.253154651902444,-1.672100249159256,2.253154651902444,-1.672100249159256,1.038573823408859,0.3808288261331122
0.376,-20.23699752288001,7.863745754769075,2.212866464410307,-1.656448021415602,2.212866464410307,-1.656448021415602,1.043039901703963,0.3775002551597061
0.378,-20.42002959134633,7.937642486508219,2.172208850088518,-1.640646349497217,2.172208850088518,-1.640646349497217,1.047425030507451,0.3742031399055065
0.38,-20.59968791734541,8.009884828996171,2.131188540184731,-1.624698536947295,2.131188540184731,-1.624698536947295,1.051728479660744,0.3709377749778572
0.382,-20.7759498616964,8.080465599880231,2.089812306954007,-1.608607900402969,2.089812306954007,-1.608607900402969,1.055949531150002,0.3677044490402595
0.384,-20.94879335799634,8.149377892133872,2.04808696624333,-1.592377770229604,2.04808696624333,-1.592377770229604,1.060087480250122,0.364503444258854
0.386,-21.11819693415501,8.216615083838452,2.006019377874436,-1.576011490451257,2.006019377874436,-1.576011490451257,1.064141636054676,0.3613350360549613
0.388,-21.2841397158592,8.282170839227829,1.963616444539662,-1.559512418205782,1.963616444539662,-1.559512418205782,1.068111321591108,0.3581994930643266
0.39,-21.44660128868128,8.346039042516315,1.92088510154835,-1.54288392061925,1.92088510154835,-1.54288392061925,1.071995870627725,0.3550970787150891
0.392,-21.60556191002723,8.408213898080216,1.877832329217104,-1.52612937806728,1.877832329217104,-1.52612937806728,1.075794632668139,0.3520280487995917
0.394,-21.7610025322193,8.468689940831178,1.834465153035446,-1.509252183988311,1.834465153035446,-1.509252183988311,1.079506973525604,0.3489926512089706
0.396,-21.91290464753483,8.527461961927356,1.790790632307386,-1.492255741446387,1.790790632307386,-1.492255741446387,1.083132271730519,0.3459911277065932
0.398,-22.06125035418465,8.584525039544269,1.746815863093563,-1.475143463727563,1.746815863093563,-1.475143463727563,1.08666992010867,0.3430237131714305
0.4,-22.20602235917328,8.639874539632205,1.702547977068012,-1.457918773783982,1.702547977068012,-1.457918773783982,1.090119325882301,0.3400906355642184
0.402,-22.34720390938061,8.693506082911011,1.657994136538918,-1.440585102738156,1.657994136538918,-1.440585102738156,1.093479909070135,0.3371921167158778
0.404,-22.4847787679303,8.745415533166533,1.613161531889602,-1.423145888980173,1.613161531889602,-1.423145888980173,1.096751101960622,0.334328372597152
0.406,-22.61873153667501,8.795599148350098,1.568057397516667,-1.405604581796684,1.568057397516667,-1.405604581796684,1.099932356787622,0.3314996096233184
0.408,-22.74904732895749,8.844053426066992,1.522688993045599,-1.387964636492938,1.522688993045599,-1.387964636492938,1.103023138008633,0.3287060284017885
0.41,-22.87571187210349,8.890775151198113,1.477063607512084,-1.370229515141374,1.477063607512084,-1.370229515141374,1.106022924766996,0.3259478225569316
0.412,-22.99871150967044,8.935761396369646,1.431188558186088,-1.352402686017689,1.431188558186088,-1.352402686017689,1.108931210978464,0.3232251787032439
0.414,-23.11803319211068,8.97900951705136,1.385071188948312,-1.33448762296382,1.385071188948312,-1.33448762296382,1.111747505138787,0.3205382765513464
0.416,-23.23366425094957,9.020517046284581,1.338718860302643,-1.316487803385075,1.338718860302643,-1.316487803385075,1.114471324918091,0.3178872914960649
0.418,-23.34559297551357,9.060281961501197,1.292138970395529,-1.2984067113107,1.292138970395529,-1.2984067113107,1.117102211081548,0.3152723880029862
0.42,-23.45380814076233,9.098302465036799,1.245338935510721,-1.280247833836772,1.245338935510721,-1.280247833836772,1.119639716151476,0.3126937250209813
0.422,-23.55829914002501,9.134577045099117,1.198326193934807,-1.262014661385543,1.198326193934807,-1.262014661385543,1.122083407636189,0.3101514544592861
0.424,-23.65905598662609,9.169104475948963,1.15110820475721,-1.243710687137582,1.15110820475721,-1.243710687137582,1.124432868101582,0.3076457211678114
0.426,-23.7560693155111,9.20188381808109,1.103692446670197,-1.225339406463916,1.103692446670197,-1.225339406463916,1.126687695242691,0.3051766629174533
0.428,-23.84933019146068,9.232914329768024,1.05608641156933,-1.206904316178228,1.05608641156933,-1.206904316178228,1.128847497238419,0.3027444125988952
0.43,-23.93883048620544,9.262195639320812,1.008297613447868,-1.188408914318345,1.008297613447868,-1.188408914318345,1.13091190198039,0.3003490938959417
0.432,-24.02456269542599,9.289727660659297,0.9603335822334147,-1.169856699406609,0.9603335822334147,-1.169856699406609,1.132880552641941,0.2979908233835417
0.434,-24.10651989432528,9.315510572387547,0.9122018613498553,-1.151251169839172,0.9122018613498553,-1.151251169839172,1.134753106626557,0.2956697110363474
0.436,-24.18469577830567,9.339544835871278,0.8639100075671888,-1.132595823354472,0.8639100075671888,-1.132595823354472,1.136529236591814,0.2933858597610926
0.438,-24.259084663972,9.361831195133364,0.8154655897847924,-1.113894156464794,0.8154655897847924,-1.113894156464794,1.138208630505762,0.2911393653840456
0.44,-24.32968137662574,9.382370625415398,0.7668761862683792,-1.095149664471553,0.7668761862683792,-1.095149664471553,1.139790988896045,0.28893031794129
0.442,-24.39648135909645,9.401164381838186,0.7181493849021844,-1.076365840342355,0.7181493849021844,-1.076365840342355,1.141276027573065,0.2867588004285498
0.444,-24.4594808279944,9.418214069508331,0.6692927840871592,-1.057546173344177,0.6692927840871592,-1.057546173344177,1.142663481525948,0.2846248870067211
0.446,-24.51867653497862,9.433521534994483,0.6203139882583775,-1.038694149707782,0.6203139882583775,-1.038694149707782,1.143953099049879,0.2825286457409497
0.448,-24.57406584857167,9.447088902769645,0.5712206077691817,-1.019813251643696,0.5712206077691817,-1.019813251643696,1.145144643801098,0.2804701376605442
0.45,-24.62564675454157,9.458918574825807,0.5220202576659837,-1.000906956776973,0.5220202576659837,-1.000906956776973,1.146237894837926,0.2784494167535587
0.452,-24.67341781099947,9.469013210055374,0.4727205563872766,-0.9819787380624999,0.4727205563872766,-0.9819787380624999,1.147232645527731,0.276466530481383
0.454,-24.71737803421635,9.477375672677539,0.4233291243466983,-0.9630320644355098,0.4233291243466983,-0.9630320644355098,1.148128700718911,0.2745215210889021
0.456,-24.7575273293728,9.484009224143085,0.3738535834281126,-0.9440703956793184,0.3738535834281126,-0.9440703956793184,1.148925887559583,0.2726144206570706
0.458,-24.79386609841772,9.488917347367968,0.3243015551034685,-0.9250971860254978,0.3243015551034685,-0.9250971860254978,1.149624045708678,0.2707452556049241
0.46,-24.82639535338067,9.492103796805717,0.2746806593966081,-0.9061158823902284,0.2746806593966081,-0.9061158823902284,1.150223030205074,0.268914045387356
0.462,-24.85511671613968,9.493572597787686,0.2249985136570398,-0.8871299238155718,0.2249985136570398,-0.8871299238155718,1.150722711493238,0.2671208024967517
0.464,-24.88003241818923,9.493328045863334,0.1752627313337137,-0.8681427409107426,0.1752627313337137,-0.8681427409107426,1.151122975448875,0.2653655324646206
0.466,-24.90114506184144,9.491374600951138,0.1254809234326123,-0.8491577592367511,0.1254809234326123,-0.8491577592367511,1.151423717350138,0.2636482366044379
0.468,-24.91845815651174,9.487717123241477,0.07566069125483287,-0.830178389879351,0.07566069125483287,-0.830178389879351,1.151624855519228,0.2619689058485138
0.47,-24.93197571855574,9.482360696198414,0.02580962966948531,-0.811208035500938,0.02580962966948531,-0.811208035500938,1.151726321198437,0.2603275253449637
0.472,-24.94170235340487,9.475310662217733,-0.02406467503915143,-0.7922500884203311,-0.02406467503915143,-0.7922500884203311,1.151728060666156,0.2587240735129093
0.474,-24.94764326556391,9.466572626477676,-0.07395464651292975,-0.773307929884959,-0.07395464651292975,-0.773307929884959,1.151630035522129,0.2571585219265697
0.476,-24.94980425777362,9.456152456012344,-0.1238527195392545,-0.7543849295221362,-0.1238527195392545,-0.7543849295221362,1.151432222697746,0.2556308353238486
0.478,-24.94819157943844,9.444056213191704,-0.1737513376659013,-0.7354844481557106,-0.1737513376659013,-0.7354844481557106,1.151134610591278,0.2541409733478769
0.48,-24.94281217087349,9.430290261445194,-0.2236429602812537,-0.7166098317854867,-0.2236429602812537,-0.7166098317854867,1.150737205378715,0.2526888877379382
0.482,-24.93367363005062,9.414861250228798,-0.2735200630585325,-0.6977644117622483,-0.2735200630585325,-0.6977644117622483,1.150240030190695,0.2512745227107397
0.484,-24.92078408586677,9.397776059314667,-0.3233751361646366,-0.6789515070498044,-0.3233751361646366,-0.6789515070498044,1.14964312188634,0.2498978164163692
0.486,-24.90415225225206,9.3790418217744,-0.3732006867934991,-0.6601744224495312,-0.3732006867934991,-0.6601744224495312,1.148946532476066,0.2485587003151912
0.488,-24.88378742674004,9.358665922794669,-0.4229892403713389,-0.6414364480648759,-0.4229892403713389,-0.6414364480648759,1.148150329116636,0.2472570991932445
0.49,-24.85969941140262,9.336655965190479,-0.4727333388480973,-0.6227408609832262,-0.4727333388480973,-0.6227408609832262,1.147254592082944,0.2459929320707596
0.492,-24.83189851958946,9.313019771724987,-0.5224255422092935,-0.6040909245070929,-0.5224255422092935,-0.6040909245070929,1.146259414975962,0.2447661121235782
0.494,-24.80039583409788,9.287765495282709,-0.572058439424591,-0.585489880204104,-0.572058439424591,-0.585489880204104,1.145164911483314,0.2435765437121096
0.496,-24.7652029181001,9.260901494298102,-0.6216246388572088,-0.5669409555869728,-0.6216246388572088,-0.5669409555869728,1.143971207877972,0.242424125705782
0.498,-24.72633190261352,9.23243636970564,-0.6711167728057758,-0.5484473610388967,-0.6711167728057758,-0.5484473610388967,1.142678445330167,0.2413087504757323
0.5,-24.68379548449476,9.202378963508261,-0.7205274986879555,-0.53001228929452,-0.7205274986879555,-0.53001228929452,1.141286779887431,0.2402303039168323
0.502,-24.63760690595882,9.170738349538949,-0.7698494992711828,-0.5116389155673386,-0.7698494992711828,-0.5116389155673386,1.13979638196641,0.2391886656823833
0.504,-24.58777977534971,9.137523757140738,-0.8190754747155362,-0.4933304032317903,-0.8190754747155362,-0.4933304032317903,1.138207431649518,0.2381837112461873
0.506,-24.53432854559315,9.102744772760287,-0.8681981685382496,-0.4750898864927414,-0.8681981685382496,-0.4750898864927414,1.136520131361794,0.2372153063939428
0.508,-24.47726810649613,9.066411167083935,-0.9172103478726064,-0.4569204840618872,-0.9172103478726064,-0.4569204840618872,1.134734695129881,0.2362833119152811
0.51,-24.41661389552261,9.028532941263741,-0.9661048104685659,-0.4388252946924302,-0.9661048104685659,-0.4388252946924302,1.13285135154248,0.2353875823275464
0.512,-24.35238189523149,8.989120325250974,-1.014874385847712,-0.4208073966794955,-1.014874385847712,-0.4208073966794955,1.1308703437157,0.2345279659042236
0.514,-24.28458863071469,8.948183776129598,-1.063511936458196,-0.4028698473605478,-1.063511936458196,-0.4028698473605478,1.128791929258402,0.2337043047033653
0.516,-24.21325098967196,8.905733902729734,-1.112010346984808,-0.3850156900563602,-1.112010346984808,-0.3850156900563602,1.126616375480397,0.2329164366390816
0.518,-24.13838658131338,8.861781614201879,-1.160362549643676,-0.3672479384076516,-1.160362549643676,-0.3672479384076516,1.124343969052821,0.2321641913462248
0.52,-24.06001352430035,8.816338031274084,-1.208561511346333,-0.3495695846641007,-1.208561511346333,-0.3495695846641007,1.121975010354449,0.2314473926220317
0.522,-23.97815043442058,8.769414480527503,-1.256600234202655,-0.3319835995943335,-1.256600234202655,-0.3319835995943335,1.119509813175185,0.2307658585670129
0.524,-23.89281644898946,8.72102250393705,-1.30447175847651,-0.3144929308551978,-1.30447175847651,-0.3144929308551978,1.116948705404609,0.230119401302786
0.526,-23.80403122375538,8.671173856983485,-1.352169163705128,-0.2971005025145279,-1.352169163705128,-0.2971005025145279,1.114292028983028,0.2295078270066393
0.528,-23.7118148275889,8.619880465037168,-1.399685561328309,-0.2798092196235316,-1.399685561328309,-0.2798092196235316,1.111540137067705,0.2289309371243851
0.53,-23.61618785959122,8.567154470541388,-1.447014105791979,-0.2626219618013444,-1.447014105791979,-0.2626219618013444,1.108693397258799,0.2283885270192889
0.532,-23.51717153172947,8.51300826612246,-1.49414800278837,-0.2455415785226053,-1.49414800278837,-0.2455415785226053,1.105752193886109,0.2278803850183868
0.534,-23.4147874934668,8.457454422372891,-1.541080496066061,-0.2285708971508672,-1.541080496066061,-0.2285708971508672,1.102716923266554,0.2274062944329397
0.536,-23.30905788957696,8.400505710828792,-1.587804873608525,-0.2117127194523525,-1.587804873608525,-0.2117127194523525,1.099587995314689,0.2269660328908693
0.538,-23.20000535654314,8.34217510187519,-1.634314468711433,-0.1949698211437367,-1.634314468711433,-0.1949698211437367,1.09636583347996,0.2265593723771605
0.54,-23.08765297600643,8.282475745469833,-1.6806026567182,-0.1783449539161364,-1.6806026567182,-0.1783449539161364,1.093050873493683,0.226186079769775
0.542,-22.97202420744163,8.221420943557266,-1.726662849655652,-0.1618408486567002,-1.726662849655652,-0.1618408486567002,1.089643561540349,0.2258459176152175
0.544,-22.85314318771738,8.159024269248235,-1.772488527957282,-0.1454601975183202,-1.772488527957282,-0.1454601975183202,1.086144362596384,0.2255386406714074
0.546,-22.73103443980827,8.09529944964123,-1.818073212458903,-0.1292056700533333,-1.818073212458903,-0.1292056700533333,1.082553752394757,0.2252639992670822
0.548,-22.60572295331465,8.030260397378825,-1.863410473979561,-0.1130799079115064,-1.863410473979561,-0.1130799079115064,1.078872219693479,0.2250217383717084
0.55,-22.47723418038394,7.963921208361969,-1.908493934350567,-0.09708552441534711,-1.908493934350567,-0.09708552441534711,1.075100266199629,0.2248115976413912
0.552,-22.34559403163202,7.896296159464296,-1.953317267444543,-0.08122510413541539,-1.953317267444543,-0.08122510413541539,1.071238406493389,0.2246333114647857
0.554,-22.21082868552416,7.827399633332534,-1.997874177594013,-0.065501214938103,-1.997874177594013,-0.065501214938103,1.067287162684941,0.2244866111630465
0.556,-22.07296501634741,7.757246284978548,-2.042158452989058,-0.04991637867314248,-2.042158452989058,-0.04991637867314248,1.063247076537817,0.2243712200467123
0.558,-21.93203024795995,7.685850905747301,-2.086163925231914,-0.03447309362722664,-2.086163925231914,-0.03447309362722664,1.05911869973141,0.2242868574127811
0.56,-21.78805203794489,7.613228455519009,-2.129884481060606,-0.01917382819992181,-2.129884481060606,-0.01917382819992181,1.054902596276328,0.2242332375717741
0.562,-21.64105847502969,7.539394061008958,-2.173314063559559,-0.004021020378818439,-2.173314063559559,-0.004021020378818439,1.050599342480714,0.2242100698763478
0.564,-21.49107807456164,7.464363013307548,-2.216446673134585,0.01098292265534495,-2.216446673134585,0.01098292265534495,1.046209526861684,0.2242170587723528
0.566,-21.33813966054504,7.388150722273577,-2.259276352115619,0.02583561613858528,-2.259276352115619,0.02583561613858528,1.041733746785612,0.2242539051611706
0.568,-21.18227256054858,7.310772789929018,-2.301797214515214,0.04053471356310778,-2.301797214515214,0.04053471356310778,1.03717261413047,0.2243203041454613
0.57,-21.02350654165816,7.232244985359337,-2.344003438412784,0.05507790246258574,-2.344003438412784,0.05507790246258574,1.032526753480845,0.2244159457682687
0.572,-20.86187173956388,7.152583217002378,-2.385889257347905,0.06946289966572503,-2.385889257347905,0.06946289966572503,1.02779680012497,0.2245405158314901
0.574,-20.69739868766528,7.071803542979612,-2.427448966149006,0.08368745429552248,-2.427448966149006,0.08368745429552248,1.022983400935924,0.2246936955581953
0.576,-20.53011831213491,6.989922168479479,-2.468676921848911,0.0977493481322439,-2.468676921848911,0.0977493481322439,1.018087214271193,0.2248751616484478
0.578,-20.36006186964719,6.90695542203875,-2.509567534775022,0.1116463908266934,-2.509567534775022,0.1116463908266934,1.013108908178616,0.2250845869986869
0.58,-20.18726097000688,6.822919763071096,-2.55011527418861,0.1253764227390189,-2.55011527418861,0.1253764227390189,1.008049161110188,0.2253216404385271
0.582,-20.0117477125699,6.737831831276881,-2.590314693424537,0.1389373279981662,-2.590314693424537,0.1389373279981662,1.002908665997174,0.225585985150583
0.584,-19.83355450947063,6.651708380782281,-2.630160401359472,0.1523270194308,-2.630160401359472,0.1523270194308,0.9976881250737891,0.2258772807150342
0.586,-19.65271413530349,6.564566297624784,-2.669647072687252,0.1655434438299926,-2.669647072687252,0.1655434438299926,0.9923882513901273,0.2261951825333235
0.588,-19.46925972181091,6.476422596998274,-2.708769448770044,0.1785845822844533,-2.708769448770044,0.1785845822844533,0.9870097687006236,0.2265393418883271
0.59,-19.28322473626709,6.387294414739253,-2.747522335163991,0.1914484488001138,-2.747522335163991,0.1914484488001138,0.9815534108570997,0.2269094061934943
0.592,-19.09464288505918,6.29719897239165,-2.785900583887501,0.2041330810870632,-2.785900583887501,0.2041330810870632,0.9760199189288639,0.2273050201089924
0.594,-18.90354837982936,6.206153670333618,-2.823899149640439,0.2166365693202391,-2.823899149640439,0.2166365693202391,0.9704100493395661,0.2277258224555771
0.596,-18.70997569699882,6.114176001959191,-2.861513042689332,0.2289570318381655,-2.861513042689332,0.2289570318381655,0.9647245666099827,0.2281714490004346
0.598,-18.51395963860963,6.021283574289907,-2.898737343211823,0.2410926224009858,-2.898737343211823,0.2410926224009858,0.9589642452566296,0.228641531750592
0.6,-18.31553532667476,5.927494105100582,-2.935567202078945,0.253041530484322,-2.935567202078945,0.253041530484322,0.9531298696699594,0.2291356990169998
0.602,-18.11473819752833,5.832825420045118,-2.971997841637398,0.2648019815731352,-2.971997841637398,0.2648019815731352,0.9472222339925641,0.2296535754786154
0.604,-17.91160389014777,5.737295414285968,-3.008024530570378,0.2763722243848757,-3.008024530570378,0.2763722243848757,0.9412421386640309,0.2301947834776528
0.606,-17.70616846579078,5.640922125042001,-3.043642639757399,0.287750558935818,-3.043642639757399,0.287750558935818,0.9351903973817858,0.2307589404676989
0.608,-17.49846825550921,5.543723679556075,-3.078847607158417,0.2989353187335223,-3.078847607158417,0.2989353187335223,0.9290678323630058,0.2313456607828174
0.61,-17.28853986611749,5.445718296110424,-3.113634941436504,0.309924872502949,-3.113634941436504,0.309924872502949,0.9228752745880776,0.2319545555667244
0.612,-17.07642018590374,5.346924284955888,-3.148000225517629,0.3207176258808568,-3.148000225517629,0.3207176258808568,0.9166135640359685,0.2325852327049508
0.614,-16.86214637868193,5.247360045337923,-3.181939117300069,0.3313120216729207,-3.181939117300069,0.3313120216729207,0.9102835495530559,0.2332372968923858
0.616,-16.64575582091571,5.147044044824982,-3.215447333455093,0.3417065317241724,-3.215447333455093,0.3417065317241724,0.9038860868545292,0.2339103503634259
0.618,-16.42728617364658,5.045994840544322,-3.248520673266981,0.351899668648834,-3.248520673266981,0.351899668648834,0.8974220409478043,0.2346039920530956
0.62,-16.2067753987015,4.944231083095616,-3.281155025923041,0.3618899893513956,-3.281155025923041,0.3618899893513956,0.8908922867281257,0.2353178174067179
0.622,-15.98426167744128,4.841771490166842,-3.313346348856432,0.3716760841899741,-3.313346348856432,0.3716760841899741,0.8842977063771928,0.2360514193239391
0.624,-15.75978343311887,4.73863485236,-3.345090676863012,0.3812565814034968,-3.345090676863012,0.3812565814034968,0.8776391901605235,0.23680438789681
0.626,-15.53337932467433,4.634840030137178,-3.376384122734398,0.3906301473309466,-3.376384122734398,0.3906301473309466,0.8709176362878489,0.2375763104803216
0.628,-15.30508821760648,4.530405944389756,-3.407222869435135,0.3997954824997393,-3.407222869435135,0.3997954824997393,0.8641339499787618,0.2383667720306193
0.63,-15.07494916084563,4.425351568677037,-3.437603164493523,0.4087513187955074,-3.437603164493523,0.4087513187955074,0.8572890427364195,0.2391753553731415
0.632,-14.84300150240749,4.319695960071252,-3.467521365585447,0.4174964416407329,-3.467521365585447,0.4174964416407329,0.8503838364327694,0.2400016398502026
0.634,-14.60928476182649,4.213458222343007,-3.49697389640006,0.4260296683442052,-3.49697389640006,0.4260296683442052,0.8434192589613543,0.2408452028086769
0.636,-14.37383866010208,4.106657512964015,-3.525957260608157,0.4343498548348472,-3.525957260608157,0.4343498548348472,0.8363962453510695,0.2417056192483938
0.638,-14.13670311327871,3.999313039993347,-3.554468042415902,0.4424558958422103,-3.554468042415902,0.4424558958422103,0.8293157376191039,0.2425824618951852
0.64,-13.89791822437485,3.891444058584009,-3.582502906334651,0.4503467246994161,-3.582502906334651,0.4503467246994161,0.8221786845620992,0.2434753012933033
0.642,-13.65752420891202,3.783069852219076,-3.610058565422276,0.4580212979612395,-3.610058565422276,0.4580212979612395,0.8149860390624898,0.244383706676898
0.644,-13.41556155341064,3.674209767524773,-3.637131860143303,0.4654786332988144,-3.637131860143303,0.4654786332988144,0.807738764112923,0.2453072441081338
0.646,-13.1720708744818,3.564883180227552,-3.663719695064084,0.4727177789243385,-3.663719695064084,0.4727177789243385,0.800437827636384,0.2462454781281656
0.648,-12.92709294916956,3.455109500494864,-3.689819056862273,0.479737822178671,-3.689819056862273,0.479737822178671,0.7930842037148589,0.2471979713988577
0.65,-12.68066870835886,3.344908169781828,-3.715427014798812,0.4865378896724542,-3.715427014798812,0.4865378896724542,0.785678872435834,0.2481642847778524
0.652,-12.43283923018327,3.234298657677893,-3.740540721189907,0.4931171474272339,-3.740540721189907,0.4931171474272339,0.778222819738794,0.2491439773936362
0.654,-12.18364569520118,3.123300452998043,-3.765157387050635,0.4994747892189799,-3.765157387050635,0.4994747892189799,0.7707170356576352,0.2501366071726901
0.656,-11.93312945147484,3.011933071418988,-3.7892743291116,0.505610058835662,-3.7892743291116,0.505610058835662,0.7631625171742739,0.2511417300670569
0.658,-11.68133197746723,2.900216047732661,-3.812888950476557,0.511522240803261,-3.812888950476557,0.511522240803261,0.7555602667849997,0.2521589004901944
0.66,-11.42829486151349,2.78816893059486,-3.835998732043766,0.5172106562263381,-3.835998732043766,0.5172106562263381,0.7479112917622406,0.2531876715568392
0.662,-11.17405980426454,2.675811280732208,-3.858601238846066,0.522674665717479,-3.858601238846066,0.522674665717479,0.7402166043801822,0.2542275950512256
0.664,-10.91866861196618,2.563162667769419,-3.880694120439219,0.5279136694986706,-3.880694120439219,0.5279136694986706,0.7324772217558623,0.2552782215036762
0.666,-10.66216317518024,2.450242667172646,-3.902275096763981,0.5329271006893896,-3.902275096763981,0.5329271006893896,0.7246941649477181,0.2563391004420119
0.668,-10.40458547349978,2.337070856985585,-3.923341969945816,0.5377144307602852,-3.923341969945816,0.5377144307602852,0.7168684593800027,0.2574097803308086
0.67,-10.14597759433923,2.223666814453361,-3.943892650139021,0.5422751815741578,-3.943892650139021,0.5422751815741578,0.7090011359851184,0.2584898083416342
0.672,-9.886381690951303,2.11005011313093,-3.963925120729508,0.5466089089841543,-3.963925120729508,0.5466089089841543,0.7010932292461105,0.2595787308530874
0.674,-9.625839987298507,1.996240319617947,-3.983437450290363,0.5507152083605568,-3.983437450290363,0.5507152083605568,0.6931457776290515,0.26067609338818
0.676,-9.364394771246875,1.882256990386707,-4.002427792885191,0.5545937146522951,-4.002427792885191,0.5545937146522951,0.6851598234197902,0.2617814406919495
0.678,-9.102088385108193,1.76811966991605,-4.020894382901573,0.5582440999151943,-4.020894382901573,0.5582440999151943,0.6771364123521002,0.2628943168424065
0.68,-8.838963209715347,1.653847892010095,-4.038835516544692,0.5616660646621671,-4.038835516544692,0.5616660646621671,0.6690765927270946,0.2640142654427755
0.682,-8.575061688448688,1.539461161441385,-4.056249615742402,0.5648593673805224,-4.056249615742402,0.5648593673805224,0.6609814176755191,0.2651408293115136
0.684,-8.310426292908751,1.42497896433282,-4.073135171677665,0.5678237983012279,-4.073135171677665,0.5678237983012279,0.6528519428294615,0.2662735509058906
0.686,-8.045099523955409,1.310420761121841,-4.08949076127529,0.5705591869554276,-4.08949076127529,0.5705591869554276,0.6446892267762797,0.267411972300979
0.688,-7.77912390486015,1.195805983408884,-4.105315047419512,0.573065402196228,-4.105315047419512,0.573065402196228,0.6364943308920813,0.2685556352677897
0.69,-7.51254197445826,1.08115403080578,-4.120606779171546,0.5753423522204844,-4.120606779171546,0.5753423522204844,0.6282683191751998,0.2697040813514079
0.692,-7.245396280944277,0.9664842829093637,-4.13536475937225,0.5773899696734771,-4.13536475937225,0.5773899696734771,0.6200122572486882,0.270856851958974
0.694,-6.977729373607319,0.851816062825908,-4.149587916717513,0.5792082445363772,-4.149587916717513,0.5792082445363772,0.6117272140246472,0.2720134884161285
0.696,-6.709583796992336,0.737168657751534,-4.163275254801587,0.5807972007424234,-4.163275254801587,0.5807972007424234,0.6034142602338443,0.2731735320605955
0.698,-6.441002083886233,0.6225613119115041,-4.176425860764151,0.5821569000541216,-4.176425860764151,0.5821569000541216,0.5950744684739688,0.2743365243177736
0.7,-6.172026748427277,0.5080132224019747,-4.189038907678598,0.583287443077853,-4.189038907678598,0.583287443077853,0.5867089130984168,0.2755020067782167
0.702,-5.902700279259063,0.3935435360783353,-4.201113654683562,0.5841889692463103,-4.201113654683562,0.5841889692463103,0.5783186700475778,0.276669521275796
0.704,-5.633065143410557,0.2791713606496095,-4.212649426403915,0.5848616474463296,-4.212649426403915,0.5848616474463296,0.5699048164113178,0.2778386098536568
0.706,-5.363163763005585,0.1649157397870901,-4.223645644834164,0.585305690343121,-4.223645644834164,0.585305690343121,0.5614684306723765,0.2790088150144046
0.708,-5.09303850839142,0.05079564997908026,-4.234101829518976,0.5855213543848281,-4.234101829518976,0.5855213543848281,0.5530105925382892,0.280179679798532
0.71,-4.822731702133323,-0.06316998822309006,-4.244017576753136,0.5855089303305279,-4.244017576753136,0.5855089303305279,0.5445323825010021,0.2813507477491783
0.712,-4.552285607746255,-0.1769623191736645,-4.25339256825168,0.5852687470894087,-4.25339256825168,0.5852687470894087,0.5360348817789807,0.2825215630365516
0.714,-4.281742422893294,-0.2905625551852934,-4.262226571195679,0.5848011716644793,-4.262226571195679,0.5848011716644793,0.5275191721473854,0.2836916705356264
0.716,-4.011144283258647,-0.4039519700416099,-4.270519427772527,0.5841066044108818,-4.270519427772527,0.5841066044108818,0.5189863357632138,0.2848606157868374
0.718,-3.740533257667934,-0.5171119003324263,-4.278271053330305,0.5831854781360379,-4.278271053330305,0.5831854781360379,0.5104374549945708,0.2860279450527125
0.72,-3.469951298471228,-0.6300237867718484,-4.285481478560218,0.5820382768360582,-4.285481478560218,0.5820382768360582,0.501873612271015,0.2871932058648562
0.722,-3.199440280030533,-0.7426691367749473,-4.292150804971136,0.5806655157609314,-4.292150804971136,0.5806655157609314,0.4932958898923937,0.2883559466052458
0.724,-2.929041978134569,-0.8550295398293843,-4.298279218500464,0.5790677474081809,-4.298279218500464,0.5790677474081809,0.4847053698655113,0.2895157167350061
0.726,-2.658798063283435,-0.9670866704711314,-4.303866989475004,0.5772455614286989,-4.303866989475004,0.5772455614286989,0.4761031337342627,0.2906720668711613
0.728,-2.388750097017337,-1.078822288991816,-4.308914470569909,0.57519958365127,-4.308914470569909,0.57519958365127,0.467490262434148,0.2918245488294962
0.73,-2.11893956953125,-1.190218211380684,-4.3134220676164,0.5729304631542591,-4.3134220676164,0.5729304631542591,0.4588678364774788,0.2929727152077851
0.732,-1.849407778449311,-1.301256397630913,-4.317390314869066,0.5704389053237453,-4.317390314869066,0.5704389053237453,0.4502369348663135,0.2941161207373784
0.734,-1.580195917420803,-1.411918883691378,-4.320819812286255,0.5677256441654041,-4.320819812286255,0.5677256441654041,0.4415986356860094,0.2952543212988591
0.736,-1.311345043089444,-1.522187804052034,-4.32371124279696,0.5647914498290042,-4.32371124279696,0.5647914498290042,0.432954015724577,0.2963868742917615
0.738,-1.042896068505124,-1.632045394624936,-4.326065372178094,0.5616371284774461,-4.326065372178094,0.5616371284774461,0.4243041503038312,0.2975133387099078
0.74,-0.7748897565356374,-1.741473995625268,-4.327883048931794,0.5582635221558008,-4.327883048931794,0.5582635221558008,0.4156501131105421,0.2986332752167445
0.742,-0.5073667663805587,-1.850456018915397,-4.329165178106224,0.5546714973434789,-4.329165178106224,0.5546714973434789,0.4069929766832068,0.2997462456248283
0.744,-0.2403675419300827,-1.958974021189334,-4.329912772720855,0.5508619672116413,-4.329912772720855,0.5508619672116413,0.3983338109461753,0.3008518141499451
0.746,0.02606763953471453,-2.067010669853607,-4.33012692651443,0.5468358797094058,-4.33012692651443,0.5468358797094058,0.3896736837234158,0.3019495468660629
0.748,0.2918986650006555,-2.174548739932507,-4.329808809440701,0.5425942155298862,-4.329808809440701,0.5425942155298862,0.3810136606799131,0.3030390116804717
0.75,0.5570856020203441,-2.281571123446982,-4.328959672310075,0.5381379900484947,-4.328959672310075,0.5381379900484947,0.3723548050329404,0.3041197785180698
0.752,0.8215887051338389,-2.388060832184178,-4.327580846585174,0.5334682531564823,-4.327580846585174,0.5334682531564823,0.3636981773852681,0.3051914193948321
0.754,1.085368383490255,-2.494000976309143,-4.325673729111315,0.528586082643945,-4.325673729111315,0.528586082643945,0.3550448361406327,0.3062535080538191
0.756,1.34838524754198,-2.599374792209006,-4.323239797548844,0.5234925907286944,-4.323239797548844,0.5234925907286944,0.346395836732587,0.3073056204927038
0.758,1.610600160543935,-2.704165673328894,-4.320280627671112,0.5181889313839534,-4.320280627671112,0.5181889313839534,0.3377522307812404,0.3083473355454732
0.76,1.871974169471636,-2.808357125931141,-4.316797863843957,0.5126762876193938,-4.316797863843957,0.5126762876193938,0.329115067059529,0.3093782341046185
0.762,2.132468537313624,-2.911932787972576,-4.312793228866185,0.5069558756156954,-4.312793228866185,0.5069558756156954,0.3204853909381885,0.3103978994862861
0.764,2.39204474928864,-3.01487643174674,-4.308268523685714,0.5010289445240885,-4.308268523685714,0.5010289445240885,0.3118642442220305,0.3114059175014391
0.766,2.650664499885196,-3.117171955196176,-4.303225621011327,0.4948967736916188,-4.303225621011327,0.4948967736916188,0.3032526653088694,0.3124018763100956
0.768,2.908289658849585,-3.218803360787668,-4.29766645222353,0.4885606670606054,-4.29766645222353,0.4885606670606054,0.2946516897026269,0.3133853660374458
0.77,3.164882440290844,-3.319754854386892,-4.291593058939267,0.4820219748331178,-4.291593058939267,0.4820219748331178,0.2860623471091363,0.3143559806874872
0.772,3.420405258270515,-3.420010758911502,-4.285007544782084,0.4752820730513256,-4.285007544782084,0.4752820730513256,0.2774856638066192,0.3153133165103941
0.774,3.674820776605484,-3.519555542723317,-4.277912088971948,0.4683423692476782,-4.277912088971948,0.4683423692476782,0.2689226617486647,0.3162569725666891
0.776,3.928091914844497,-3.618373822128359,-4.270308945964803,0.4612043022121421,-4.270308945964803,0.4612043022121421,0.2603743584045554,0.3171865507956836
0.778,4.180181854244697,-3.716450363876899,-4.262200445092112,0.4538693417594374,-4.262200445092112,0.4538693417594374,0.251841766599592,0.3181016560839165
0.78,4.43105393297988,-3.813770024812497,-4.253588960633476,0.4463389762320973,-4.253588960633476,0.4463389762320973,0.2433258963668861,0.3190018950776895
0.782,4.680671904054804,-3.910317897324037,-4.244476978704914,0.4386147401620648,-4.244476978704914,0.4386147401620648,0.2348277502126896,0.3198868791080101
0.784,4.928999748945078,-4.006079202712058,-4.234867045558762,0.4306981927425617,-4.234867045558762,0.4306981927425617,0.2263483264494053,0.320756222078293
0.786,5.176001727192592,-4.101039318438601,-4.224761778866244,0.422590922424779,-4.224761778866244,0.422590922424779,0.2178886182438268,0.321609541027357
0.788,5.421642385665469,-4.195183782490299,-4.214163868233438,0.4142945470486524,-4.214163868233438,0.4142945470486524,0.20944961339784,0.3224464562350918
0.79,5.665886564259741,-4.288498295722475,-4.203076074767465,0.4058107135796666,-4.203076074767465,0.4058107135796666,0.2010322941937396,0.3232665912877823
0.792,5.908699321151635,-4.380968680011428,-4.191501212368352,0.3971410904026622,-4.191501212368352,0.3971410904026622,0.1926376387835813,0.3240695722296223
0.794,6.150046073391609,-4.472580954696499,-4.179442177936407,0.3882873795385841,-4.179442177936407,0.3882873795385841,0.1842666184455593,0.3248550291602543
0.796,6.389892575727458,-4.563321324159443,-4.166901944832845,0.3792513138945414,-4.166901944832845,0.3792513138945414,0.1759201979451924,0.3256225959947838
0.798,6.628204866844872,-4.653176147505831,-4.153883548939215,0.3700346514994018,-4.153883548939215,0.3700346514994018,0.1675993365218573,0.326371909853696
0.8,6.864949302289711,-4.742131955861732,-4.140390094406811,0.3606391777589848,-4.140390094406811,0.3606391777589848,0.1593049872116701,0.3271026114373723
0.802,7.100092559862743,-4.830175454549209,-4.126424753153128,0.3510667051644743,-4.126424753153128,0.3510667051644743,0.151038096698693,0.3278143450879272
0.804,7.333601597462911,-4.917293499834903,-4.111990755081256,0.3413190692990916,-4.111990755081256,0.3413190692990916,0.1427996061183937,0.3285067583101295
0.806,7.565443670544301,-5.003473107555492,-4.097091389929634,0.3313981294855147,-4.097091389929634,0.3313981294855147,0.1345904506672976,0.3291795019704514
0.808,7.795586480007399,-5.088701531489432,-4.081730034568889,0.321305779587188,-4.081730034568889,0.321305779587188,0.1264115566006074,0.3298322319798568
0.81,8.023998014717947,-5.172966178438863,-4.065910120721997,0.3110439350373616,-4.065910120721997,0.3110439350373616,0.1182638443451092,0.3304646075028644
0.812,8.250646607735867,-5.256254637587333,-4.04963514437824,0.3006145365047787,-4.04963514437824,0.3006145365047787,0.1101482273323921,0.3310762915976415
0.814,8.475500941373433,-5.338554682495327,-4.032908665224011,0.2900195495758853,-4.032908665224011,0.2900195495758853,0.1020656118567959,0.3316669512740136
0.816,8.698530038160749,-5.419854265731254,-4.015734303700348,0.2792609635121142,-4.015734303700348,0.2792609635121142,0.09401689722534921,0.332236257390968
0.818,8.919703156456025,-5.500141463672071,-3.998115722002343,0.2683407837489026,-3.998115722002343,0.2683407837489026,0.08600297788340967,0.3327838834681516
0.82,9.138990101864849,-5.579404638595952,-3.980056675102182,0.2572610516847469,-3.980056675102182,0.2572610516847469,0.07802473692500285,0.3333095092330532
0.822,9.356360971263641,-5.657632304267164,-3.961560966220806,0.2460238272313862,-3.961560966220806,0.2460238272313862,0.07008305135924424,0.3338128177060641
0.824,9.571786230731954,-5.734813166013888,-3.942632458530972,0.2346311932788296,-3.942632458530972,0.2346311932788296,0.06217879045838069,0.3342934960884554
0.826,9.785236720246875,-5.81093612253366,-3.923275074526776,0.2230852553536887,-3.923275074526776,0.2230852553536887,0.05431281562327549,0.3347512358162443
0.828,9.996683658377387,-5.885990267698759,-3.903492795393193,0.2113881412775104,-3.903492795393193,0.2113881412775104,0.04648598024889372,0.3351857326140586
0.83,10.20609851442448,-5.959964824469213,-3.883289641079478,0.1995419935105092,-3.883289641079478,0.1995419935105092,0.03869913241489253,0.3355966850377828
0.832,10.41345328764942,-6.032849287310562,-3.862669709633027,0.1875489839592087,-3.862669709633027,0.1875489839592087,0.03095310890001532,0.3359837976583172
0.834,10.61872034509776,-6.104633338530618,-3.841637152277321,0.175411304426543,-3.841637152277321,0.175411304426543,0.02324873860405529,0.3363467792129943
0.836,10.8218724273205,-6.175306850610806,-3.820196172930944,0.1631311663268531,-3.820196172930944,0.1631311663268531,0.01558684239145608,0.3366853426711506
0.838,11.02288267095139,-6.244859897170938,-3.79835103018035,0.1507108013310306,-3.79835103018035,0.1507108013310306,0.007968232575662423,0.3369992054918698
0.84,11.22172461301289,-6.313282754575671,-3.776106036592862,0.1381524610034168,-3.776106036592862,0.1381524610034168,0.0003937127928832675,0.3372880896734197
0.842,11.41837210946905,-6.380565860399506,-3.753465547260212,0.1254584124910311,-3.753465547260212,0.1254584124910311,-0.007135920251953962,0.3375517208241708
0.844,11.61279944675833,-6.446699868977959,-3.730433972577803,0.1126309430966935,-3.730433972577803,0.1126309430966935,-0.01461987925245314,0.3377898294355863
0.846,11.80498140307726,-6.511675681678937,-3.707015784713336,0.09967236253891001,-3.707015784713336,0.09967236253891001,-0.02205738767094392,0.3380021515818246
0.848,11.99489312021231,-6.575484381862859,-3.683215500282821,0.08658499649028431,-3.683215500282821,0.08658499649028431,-0.02944767697249735,0.3381884274575301
0.85,12.18251015566557,-6.638117260546712,-3.659037685669095,0.07337118841581267,-3.659037685669095,0.07337118841581267,-0.03678998779517929,0.3383484019729342
0.852,12.36780848655052,-6.699565817804166,-3.634486956283281,0.0600332991908976,-3.634486956283281,0.0600332991908976,-0.04408357006733041,0.3384818247986124
0.854,12.55076447225595,-6.759821743757346,-3.609567971384041,0.04657370515806907,-3.609567971384041,0.04657370515806907,-0.05132768220552665,0.3385884499393789
0.856,12.7313548096515,-6.818876895876907,-3.584285428093236,0.03299479590127805,-3.584285428093236,0.03299479590127805,-0.05852159014623928,0.3386680352230059
0.858,12.90955679883582,-6.876723429990112,-3.558644088868915,0.01929898377929317,-3.558644088868915,0.01929898377929317,-0.06566457330149149,0.3387203453352982
0.86,13.08534809436444,-6.93335367661898,-3.532648753544802,0.005488693976117957,-3.532648753544802,0.005488693976117957,-0.07275591904254633,0.3387451489794167
0.862,13.25870678351242,-6.988760179189446,-3.50630426660393,-0.008433633064995659,-3.50630426660393,-0.008433633064995659,-0.0797949244753039,0.3387422197698944
0.864,13.42961138974079,-7.042935695218977,-3.47961551639386,-0.02246554203978858,-3.47961551639386,-0.02246554203978858,-0.08678089654801031,0.3387113362724899
0.866,13.59804087583171,-7.09587319734263,-3.452587434311583,-0.03660456319132073,-3.452587434311583,-0.03660456319132073,-0.09371315215143972,0.3386522820402538
0.868,13.76397445864105,-7.147565782487979,-3.425224976749765,-0.05084821845230664,-3.425224976749765,-0.05084821845230664,-0.1005910139393111,0.3385648434967732
0.87,13.92739205461564,-7.198006888596854,-3.397533164763511,-0.06519400838816324,-3.397533164763511,-0.06519400838816324,-0.1074138204787189,0.3384488150277524
0.872,14.08827392693406,-7.247190122076493,-3.36951705067865,-0.07963942344113333,-3.36951705067865,-0.07963942344113333,-0.114180918262665,0.3383039949488004
0.874,14.24660078580848,-7.295109306201911,-3.341181726168245,-0.09418194138104007,-3.341181726168245,-0.09418194138104007,-0.1208916640177201,0.3381301866519118
0.876,14.40235379150579,-7.341758482086394,-3.312532321427065,-0.1088190277170838,-3.312532321427065,-0.1088190277170838,-0.1275454248016152,0.3379271986402322
0.878,14.55551455736869,-7.387131909651944,-3.283574004346054,-0.1235481361096386,-3.283574004346054,-0.1235481361096386,-0.134141578100833,0.3376948445628211
0.88,14.70606502298156,-7.431224006171945,-3.254311969751696,-0.1383667118430681,-3.254311969751696,-0.1383667118430681,-0.140679508927422,0.3374329417644779
0.882,14.85398769129247,-7.474029459785466,-3.224751456491325,-0.1532721867191669,-3.224751456491325,-0.1532721867191669,-0.1471586153263396,0.3371413139975291
0.884,14.99926554988532,-7.515543191166961,-3.194897740353063,-0.1682619813959905,-3.194897740353063,-0.1682619813959905,-0.1535783065839366,0.3368197905217646
0.886,15.14188200899488,-7.555760323245121,-3.164756128266725,-0.1833335073320098,-3.164756128266725,-0.1833335073320098,-0.1599380018233471,0.3364682053958356
0.888,15.28182094003159,-7.594676199241721,-3.13433196019465,-0.1984841663609952,-3.13433196019465,-0.1984841663609952,-0.1662371309225214,0.3360863979180156
0.89,15.41906667814427,-7.632286383421701,-3.103630608271097,-0.2137113511146191,-3.103630608271097,-0.2137113511146191,-0.1724751346012243,0.3356742126557222
0.892,15.55360395014824,-7.668586626440979,-3.072657471281808,-0.2290124467235954,-3.072657471281808,-0.2290124467235954,-0.1786514627560036,0.3352314986210557
0.894,15.68541792190209,-7.703572887353707,-3.041417976601388,-0.2443848304725885,-3.041417976601388,-0.2443848304725885,-0.1847655755991881,0.3347581098130917
0.896,15.81449436398521,-7.737241411734509,-3.009917589516816,-0.2598258694285609,-3.009917589516816,-0.2598258694285609,-0.1908169475749701,0.3342539071137967
0.898,15.94081944741917,-7.769588634315124,-2.978161799452651,-0.2753329244066937,-2.978161799452651,-0.2753329244066937,-0.1968050625908494,0.3337187559508301
0.9,16.06437981274867,-7.800611211286885,-2.946156123263511,-0.29090334925349,-2.946156123263511,-0.29090334925349,-0.2027294156661338,0.3331525270881812
0.902,16.18516257213578,-7.830306020828558,-2.913906104344221,-0.3065344912774047,-2.913906104344221,-0.3065344912774047,-0.2085895130079381,0.33255509665033
0.904,16.30315528580133,-7.858670151622476,-2.881417310481884,-0.3222236919616572,-2.881417310481884,-0.3222236919616572,-0.2143848714760518,0.3319263458527199
0.906,16.41834584461755,-7.885700847426542,-2.848695327105385,-0.3379682887093972,-2.848695327105385,-0.3379682887093972,-0.2201150158120181,0.3312661596577839
0.908,16.53072284359138,-7.911395681502644,-2.815745774609342,-0.3537656111889914,-2.815745774609342,-0.3537656111889914,-0.225779487562845,0.3305744310510169
0.91,16.64027525882765,-7.93575240490401,-2.782574291519053,-0.3696129853411473,-2.782574291519053,-0.3696129853411473,-0.2313778374113144,0.3298510573428199
0.912,16.74699254151854,-7.958768990032437,-2.749186538107401,-0.3855077327986791,-2.749186538107401,-0.3855077327986791,-0.2369096274412302,0.3290959412447399
0.914,16.85086461956224,-7.980443630943462,-2.71558819548168,-0.401447171322367,-2.71558819548168,-0.401447171322367,-0.2423744312020893,0.3283089908881866
0.916,16.95188189918163,-8.000774743651581,-2.681784964670421,-0.4174286152368165,-2.681784964670421,-0.4174286152368165,-0.2477718337737533,0.3274901198431495
0.918,17.05003509187802,-8.019760885677133,-2.647782559400452,-0.4334493767548733,-2.647782559400452,-0.4334493767548733,-0.2531014276113033,0.3266392451361598
0.92,17.14531559239368,-8.03740093035832,-2.613586718779126,-0.4495067644989463,-2.613586718779126,-0.4495067644989463,-0.2583628217019895,0.3257562915799591
0.922,17.23771522618974,-8.053693949651564,-2.579203197200319,-0.4655980852297328,-2.579203197200319,-0.4655980852297328,-0.2635556354899912,0.3248411888810798
0.924,17.32722628010648,-8.068639227864397,-2.544637764480389,-0.4817206441343366,-2.544637764480389,-0.4817206441343366,-0.2686794996427161,0.3238938719912279
0.926,17.41384151999769,-8.082236269365712,-2.509896205523559,-0.4978717451806523,-2.509896205523559,-0.4978717451806523,-0.2737340565024055,0.3229142813094577
0.928,17.49755419186989,-8.094484798669276,-2.474984319391424,-0.5140486915556649,-2.474984319391424,-0.5140486915556649,-0.2787189601392218,0.3219023626953968
0.93,17.5783579131116,-8.105384710330872,-2.439907915789187,-0.5302487860278634,-2.439907915789187,-0.5302487860278634,-0.2836338737128513,0.3208580662228191
0.932,17.65624683099919,-8.114936140887544,-2.404672817833825,-0.5464693314941883,-2.404672817833825,-0.5464693314941883,-0.2884784733792017,0.3197813479964116
0.934,17.73121565018734,-8.123139480973443,-2.369284861742953,-0.5627076314365241,-2.369284861742953,-0.5627076314365241,-0.2932524489887811,0.3186721704670055
0.936,17.80325950171208,-8.129995315068154,-2.333749892798647,-0.5789609902687681,-2.333749892798647,-0.5789609902687681,-0.2979555009040231,0.3175305009304183
0.938,17.87237399517392,-8.135504444887616,-2.298073765616676,-0.5952267138103698,-2.298073765616676,-0.5952267138103698,-0.3025873413023445,0.3163563121256834
0.94,17.93855521939684,-8.13966788924828,-2.2622623432047,-0.6115021097243023,-2.2622623432047,-0.6115021097243023,-0.3071476942174728,0.3151495822427689
0.942,18.00179968910761,-8.142486859590607,-2.226321495425961,-0.6277844876091362,-2.226321495425961,-0.6277844876091362,-0.3116362942413593,0.313910294311339
0.944,18.06210431783108,-8.143962747323926,-2.190257097751694,-0.644071159259111,-2.190257097751694,-0.644071159259111,-0.3160528858765986,0.312638435890121
0.946,18.11946667724732,-8.144097240344189,-2.154075033168692,-0.6603594407597666,-2.154075033168692,-0.6603594407597666,-0.3203972299969164,0.3113340020410056
0.948,18.17388473483533,-8.142892204297981,-2.117781188340627,-0.6766466512405828,-2.117781188340627,-0.6766466512405828,-0.3246690973622161,0.3099969923208861
0.95,18.2253569334731,-8.140349718043273,-2.081381453535732,-0.6929301138187783,-2.081381453535732,-0.6929301138187783,-0.3288682706186964,0.3086274116945625
0.952,18.27388219161818,-8.136472073297949,-2.044881721679752,-0.7092071560342145,-2.044881721679752,-0.7092071560342145,-0.3329945443283096,0.3072252705369781
0.954,18.31945989646397,-8.131261771160888,-2.008287887419422,-0.725475110199044,-2.008287887419422,-0.725475110199044,-0.3370477248216323,0.3057905845548688
0.956,18.36208972513005,-8.124721442069607,-1.971605846443959,-0.7417313116602662,-1.971605846443959,-0.7417313116602662,-0.3410276257276371,0.3043233727355703
0.958,18.40177208825828,-8.116854042868333,-1.934841493872751,-0.757973104616221,-1.934841493872751,-0.757973104616221,-0.3449340791502977,0.3028236624362484
0.96,18.43850776596124,-8.107662694291344,-1.898000723854762,-0.7741978381309234,-1.898000723854762,-0.7741978381309234,-0.3487669265415117,0.3012914852075544
0.962,18.47229800792301,-8.097150725098427,-1.861089428471566,-0.7904028677816625,-1.861089428471566,-0.7904028677816625,-0.3525260212424804,0.2997268779421765
0.964,18.50314453310661,-8.085321671512707,-1.824113496791002,-0.806585556088163,-1.824113496791002,-0.806585556088163,-0.356211228501271,0.298129882871645
0.966,18.53104952946138,-8.072179276658519,-1.787078813920837,-0.8227432729417438,-1.787078813920837,-0.8227432729417438,-0.3598224254903796,0.2965005475631416
0.968,18.55601551178891,-8.057727427668341,-1.74999126207633,-0.8388733934884445,-1.74999126207633,-0.8388733934884445,-0.3633594977115731,0.2948389232882441
0.97,18.57804559298181,-8.041970274442495,-1.712856715778599,-0.854973303432128,-1.712856715778599,-0.854973303432128,-0.3668223459293865,0.2931450681363797
0.972,18.59714335733827,-8.024912173544854,-1.675681042702841,-0.871040397194912,-1.675681042702841,-0.871040397194912,-0.370210882969447,0.2914190455608914
0.974,18.61331281922173,-8.006557669602655,-1.638470103314803,-0.8870720776095238,-1.638470103314803,-0.8870720776095238,-0.3735250326905421,0.2896609239046976
0.976,18.62655845338884,-7.986911508200255,-1.601229749489677,-0.9030657568980948,-1.601229749489677,-0.9030657568980948,-0.3767647307820935,0.2878707767485628
0.978,18.6368851942317,-7.96597863511254,-1.563965823572358,-0.9190188570929707,-1.563965823572358,-0.9190188570929707,-0.3799299247698704,0.2860486829025661
0.98,18.64429835420896,-7.943764160507129,-1.526684159639651,-0.9349288085241892,-1.526684159639651,-0.9349288085241892,-0.3830205719359525,0.2841947254695468
0.982,18.64880369453489,-7.92027338914965,-1.489390580613746,-0.9507930519495875,-1.489390580613746,-0.9507930519495875,-0.3860366411685009,0.2823089926570561
0.984,18.65040754739908,-7.895511872947293,-1.452090893971591,-0.9666090419177357,-1.452090893971591,-0.9666090419177357,-0.3889781161415449,0.280391579181079
0.986,18.64911663449367,-7.86948533184316,-1.414790895729273,-0.9823742428653062,-1.414790895729273,-0.9823742428653062,-0.3918449906564068,0.2784425841821999
0.988,18.64493812651874,-7.842199679173491,-1.377496367860231,-0.9980861309796236,-1.377496367860231,-0.9980861309796236,-0.39463727020282,0.2764621119091233
0.99,18.63787964197011,-7.813661020704052,-1.340213077367899,-1.013742194608602,-1.340213077367899,-1.013742194608602,-0.397354971952913,0.2744502717049219
0.992,18.62794921523465,-7.783875640551582,-1.302946776611693,-1.029339933745467,-1.302946776611693,-1.029339933745467,-0.3999981239521462,0.2724071776406372
0.994,18.61515520708049,-7.752849962490244,-1.265703205985348,-1.044876857776979,-1.265703205985348,-1.044876857776979,-0.4025667628030422,0.2703329474870054
0.996,18.59950662002076,-7.720590684262326,-1.228488080061968,-1.060350495436488,-1.228488080061968,-1.060350495436488,-0.4050609419421901,0.2682277063381017
0.998,18.58101281101502,-7.687104654368729,-1.1913070983492,-1.075758386589853,-1.1913070983492,-1.075758386589853,-0.4074807241489524,0.2660915833105147
1,18.55968357224424,-7.652398906138878,-1.154165941013871,-1.091098085116875,-1.154165941013871,-1.091098085116875,-0.4098261836845973,0.2639247124716116
1,18.55968357224424,-7.652398906138878,-1.154165941013871,-1.091098085116875,-1.154165941013871,-1.091098085116875,-0.4098261836845973,0.2639247124716116
