"time","C[1]","C[2]","C[3]","der(C[1])","der(C[2])","der(C[3])"
0,1,1,0,-0.1,-0.1,0.1
0.002,0.9998000599833994,0.9997980766686885,0.000197956701889448,-0.09994002203227526,-0.1019191893304027,0.09796085473414778
0.004,0.9996002398596949,0.9995923726006238,0.0003918928812333716,-0.09988008825322718,-0.1037974196028008,0.09596275690365358
0.006,0.9994005394906226,0.9993830126954276,0.0005819337141819079,-0.09982019883313922,-0.1056359455178208,0.09400445214845768
0.008,0.9992009588662959,0.9991700057789861,0.0007680880463939215,-0.09976035397984113,-0.107434859357383,0.09208584860229929
0.01,0.9990014978228566,0.9989534931637104,0.0009504975179966584,-0.09970055384079249,-0.1091955819992545,0.09020552568233051
0.012,0.9988021563906895,0.9987334486289473,0.001129135847567711,-0.09964079863025348,-0.1109178560203722,0.08836374124013478
0.014,0.9986029343631911,0.9985100446183136,0.001304175891931012,-0.09958108846550379,-0.1126034157459254,0.08655876118508216
0.016,0.9984038317593935,0.9982832652177936,0.001475601699006267,-0.09952142354757178,-0.1142521083700208,0.08479073872512277
0.018,0.9982048483923756,0.9980532592480813,0.0016435624633298,-0.09946180398719175,-0.1158654327202329,0.08305817525415063
0.02,0.9980059842581817,0.9978200298765515,0.001808061360187869,-0.09940222996692882,-0.1174434283713418,0.08136103156251584
0.022,0.9978072392449048,0.9975836591966093,0.001969180706799131,-0.09934270161919996,-0.1189869265702804,0.07969847666811952
0.024,0.997608613239462,0.997344231866328,0.002127005387403418,-0.09928321906871407,-0.1204967846114681,0.07806965352596004
0.026,0.9974101061816589,0.9971017929494466,0.002281580586128238,-0.09922378245935018,-0.1219734633912213,0.07647410152747904
0.028,0.9972117179881317,0.996856404855033,0.002432968878769064,-0.0991643919194191,-0.1234175980155582,0.07491118582328
0.03,0.9970134485446722,0.9966081442492067,0.002581247159861779,-0.0991050475585746,-0.1248299669769584,0.07338012814019078
0.032,0.9968152977532782,0.9963570803073823,0.002726484800825605,-0.09904574948743647,-0.126211273843967,0.07188022513090592
0.034,0.9966172655324729,0.9961032745663418,0.002868743501395567,-0.09898649781848541,-0.1275621457747958,0.07041084986217505
0.036,0.9964193517903082,0.9958467934032095,0.003008089822592677,-0.09892729265426901,-0.1288832586952465,0.06897132661329156
0.038,0.9962215564184775,0.9955876946005622,0.003144581763606432,-0.09886813409024496,-0.1301752031753639,0.06756106500512599
0.04,0.9960238793130789,0.9953260382548056,0.003278279628647334,-0.09880902221752222,-0.1314385929682521,0.06617945146679236
0.042,0.9958263203865665,0.995061893056394,0.003409252283260388,-0.09874995712359796,-0.1326741274324771,0.06482578681471882
0.044,0.9956288795427717,0.994795323164987,0.003537564079443126,-0.09869093888977024,-0.133882460906035,0.06349941687350549
0.046,0.995431556686231,0.9945263624443869,0.003663249071924372,-0.09863196760615864,-0.1350639453484458,0.06219998986387142
0.048,0.9952343517216458,0.994255037675041,0.003786334231748799,-0.09857304336347512,-0.1362188622058521,0.06092722452109813
0.05,0.9950372645525303,0.9939814266335696,0.00390689752850816,-0.09851416622449805,-0.1373480020154751,0.05968033043352096
0.052,0.9948402950829417,0.9937055837726633,0.004024993606779024,-0.09845533625791841,-0.1384519224749743,0.05845875004086254
0.054,0.9946434432169372,0.9934275635450132,0.004140677111137959,-0.09839655352798866,-0.1395311812674325,0.0572619257885448
0.056,0.9944467088598744,0.9931474170825038,0.004253999362754207,-0.09833781809676267,-0.1405863028906623,0.05608933330286309
0.058,0.994250091935211,0.9928651492968119,0.004364965426389039,-0.09827913005412332,-0.1416173505515951,0.05494090955665157
0.06,0.9940535923377471,0.9925808382790412,0.004473653603545956,-0.09822048943733475,-0.1426251178771117,0.05381586099755776
0.062,0.993857209973435,0.9922945336437403,0.004580113696869676,-0.09816189629821889,-0.1436101141469249,0.05271367844951286
0.064,0.9936609447482262,0.9920062850054576,0.004684395509004908,-0.09810335068456963,-0.1445728485484117,0.05163385282072755
0.066,0.9934647965680724,0.9917161419787414,0.004786548842596369,-0.09804485264015876,-0.1455138301558836,0.05057587512443395
0.068,0.9932687653294776,0.9914241225127095,0.00488659185375389,-0.09798640222323059,-0.1464332526300876,0.04953955181637354
0.07,0.9930728509372965,0.9911302725434938,0.004984570668900741,-0.09792799947361264,-0.1473315883294116,0.04852441061781367
0.072,0.9928770532996173,0.9908346488473674,0.005080542248132798,-0.09786964442066025,-0.148209417364489,0.0475298714768315
0.074,0.9926813723212041,0.9905372970575863,0.005174552415178047,-0.0978113370963283,-0.149067208724461,0.04655546546819563
0.076,0.9924858079068211,0.9902382628074065,0.005266646993764473,-0.09775307752888913,-0.149905431228141,0.04560072382963731
0.078,0.9922903599623346,0.989937576012348,0.005356856087678794,-0.0976948657553855,-0.1507243970602228,0.04466533445054815
0.08,0.9920950283954921,0.9896352397991005,0.005445183008116607,-0.09763670183215517,-0.1515241517520298,0.04374925191228051
0.082,0.9918998131093943,0.9893313234971969,0.005531697278408732,-0.09757858576017307,-0.1523053996565126,0.04285177186383354
0.084,0.9917047140091679,0.9890258675743314,0.005616439555996431,-0.09752051755944752,-0.1530685576049292,0.04197247751396588
0.086,0.9915097309999389,0.9887189124981979,0.005699450498320964,-0.09746249724673194,-0.1538140422321041,0.04111095226135978
0.088,0.9913148639868342,0.9884104987364907,0.005780770762823587,-0.09740452483552996,-0.1545422699631678,0.04026677970789209
0.09,0.9911201128644843,0.9881006217984223,0.005860396069455051,-0.09734660037288645,-0.1552532103750221,0.0394399903707508
0.092,0.9909254775415518,0.9877893372980379,0.005938382214935824,-0.09728872385575753,-0.1559474301828966,0.03863001752861841
0.094,0.9907309579231477,0.9874766856371953,0.006014769790901565,-0.09723089528972119,-0.1566253446696232,0.03783644590981915
0.096,0.9905365539134416,0.9871627031850513,0.0060895953581697,-0.09717311468066286,-0.1572873288314023,0.03705890052992344
0.098,0.9903422654166033,0.9868474263107623,0.006162895477557663,-0.09711538203155873,-0.1579337574380589,0.03629700662505856
0.1,0.9901480923373551,0.9865308778739064,0.006234693199198131,-0.09705769735595465,-0.1585648709067487,0.03555052380516059
0.102,0.9899540345804432,0.9862130801636319,0.006305011002747558,-0.09700006066612459,-0.1591809038809772,0.03481921745127201
0.104,0.9897600920498622,0.9858940738183765,0.006373889718654341,-0.09694247195352355,-0.1597822729614555,0.03410267094559162
0.106,0.9895662646500225,0.9855738893277491,0.006441360027706399,-0.09688493121709491,-0.1603692937677638,0.03340056866642596
0.108,0.9893725522853583,0.9852525565988052,0.006507452028091032,-0.09682743845397433,-0.160942275930182,0.03271260097776664
0.11,0.9891789548600626,0.9849301036687953,0.006572193948672544,-0.09676999366086396,-0.1615015103328387,0.03203847698888919
0.112,0.9889854722756548,0.9846065448756759,0.006635600324369035,-0.0967125968465202,-0.1620471519320493,0.0313780417609911
0.114,0.9887921044376543,0.9842819133099028,0.006697704434596337,-0.09665524799870233,-0.1625795413553894,0.03073095464201529
0.116,0.9885988512500002,0.9839562336755472,0.006758531175548949,-0.09659794711163738,-0.1630989359183565,0.03009695830491826
0.118,0.9884057126165938,0.983629529797916,0.006818104564730573,-0.09654069417859037,-0.16360558404978,0.02947580430740079
0.12,0.9882126884412997,0.9833018246235512,0.006876447740954124,-0.09648348919195208,-0.164099725298039,0.02886725308586523
0.122,0.988019778628767,0.98297314823718,0.006933590979648146,-0.09642633213396726,-0.1645816696725038,0.02827099459543075
0.124,0.9878269830829672,0.98264352359435,0.006989557428417842,-0.09636922299298055,-0.1650516563912363,0.02768678959472483
0.126,0.9876343017076322,0.982312970798414,0.007044367383151702,-0.09631216175896895,-0.1655098962743609,0.02711442724357697
0.128,0.9874417344067186,0.9819815116258316,0.007098042812396883,-0.09625514841827455,-0.1659566165232981,0.02655368031325096
0.13,0.987249281084169,0.9816491672018782,0.00715060503354248,-0.0961981829563385,-0.1663920377180038,0.02600432819467316
0.132,0.9870569416444527,0.9813159609607149,0.007202077671812204,-0.09614126535409583,-0.1668164030683769,0.0254661276398148
0.134,0.986864715992904,0.9809819205077768,0.00725248852197097,-0.09608439558541097,-0.1672299967728479,0.02493879439797407
0.136,0.9866726040329555,0.9806470624405844,0.00730185437467564,-0.09602757363608441,-0.1676329940650304,0.02442215320713843
0.138,0.9864806056688803,0.9803114073936026,0.007350196055844167,-0.09597079948539095,-0.168025609886626,0.02391598908415593
0.14,0.986288720804977,0.9799749755634312,0.007397533953479466,-0.09591407311158658,-0.1684080546644935,0.02342009155867966
0.142,0.9860969493455691,0.9796377867088055,0.007443888017669428,-0.09585739449195291,-0.1687805343133317,0.02293425467057414
0.144,0.9859052911960654,0.9792998631942976,0.007489280802169062,-0.0958007635988672,-0.1691432802487456,0.02245824694898878
0.146,0.9857137462605974,0.9789612232064738,0.007533730685281223,-0.09574418040854291,-0.1694964824782534,0.02199187833883239
0.148,0.9855223144437076,0.9786218856027182,0.007577256715305167,-0.09568764489491512,-0.1698403374391931,0.0215349523506371
0.15,0.9853309956500494,0.9782818690471882,0.007619877747091827,-0.09563115703075656,-0.1701750394741173,0.02108727458739586
0.152,0.9851397897843224,0.9779411918286454,0.007661612260002797,-0.09557471678794986,-0.1705007790367108,0.02064865453918889
0.154,0.9849486967515413,0.9775998717629468,0.007702478259866747,-0.09551832413775217,-0.1708177417287783,0.02021890654672599
0.156,0.9847577164567387,0.9772579263007907,0.007742493387315736,-0.09546197905058987,-0.1711261093714475,0.01979784872973227
0.158,0.984566848804685,0.9769153726305259,0.007781675021158232,-0.09540568149585334,-0.1714260610256979,0.01938530196600884
0.16,0.9843760937003773,0.9765722274994005,0.007820040098648397,-0.09534943144234878,-0.1717177712250658,0.01898109165963181
0.162,0.9841854510488703,0.9762285072753222,0.007857605177584008,-0.09529322885819444,-0.1720014105909112,0.01858504712547765
0.164,0.9839949207552766,0.9758842279468574,0.007894386436306451,-0.09523707371085859,-0.1722771458359492,0.01819700158576795
0.166,0.9838045027247668,0.9755394051232319,0.007930399673700735,-0.09518096596719754,-0.1725451397679124,0.01781679216648266
0.168,0.9836141968625686,0.9751940540343302,0.007965660309195474,-0.09512490559349346,-0.1728055512933404,0.01744425989364655
0.17,0.9834240030739679,0.9748481895306963,0.008000183382762916,-0.09506889255549246,-0.1730585354214924,0.01707924968949255
0.172,0.9832339212643082,0.9745018260835329,0.008033983554918902,-0.0950129268184422,-0.1733042432683776,0.01672161036850678
0.174,0.9830439513389908,0.9741549777847021,0.008067075106722908,-0.09495700834712975,-0.1735428220609015,0.01637119463335798
0.176,0.9828540932040616,0.973807663999286,0.008099477591165149,-0.09490113709640187,-0.1737744706230728,0.01602780356973089
0.178,0.9826643467649352,0.9734598970777376,0.008131203547869607,-0.09484531303158865,-0.1739993187198615,0.01569130734331582
0.18,0.9824747119270759,0.9731116889118678,0.008162265057718525,-0.09478953611788392,-0.1742174914745119,0.01536158076125595
0.182,0.9822851885961785,0.9727630526809434,0.008192675488588779,-0.09473380631735061,-0.1744291264963902,0.01503848613831101
0.184,0.9820957766780002,0.9724140012269523,0.008222447870954334,-0.09467812359165913,-0.1746343579324065,0.01472188925091174
0.186,0.9819064760783603,0.9720645470546042,0.008251594897886246,-0.09462248790212079,-0.1748333164710396,0.01441165933320203
0.188,0.9817172867031397,0.9717147023313295,0.008280128925052647,-0.09456689920972093,-0.1750261293464466,0.01410766907299528
0.19,0.9815282084582821,0.9713644788872804,0.008308061970718773,-0.09451135747515264,-0.1752129203426574,0.01380979460764792
0.192,0.9813392412497928,0.97101388821533,0.008335405715746931,-0.0944558626588496,-0.1753938097978467,0.01351791551985247
0.194,0.9811503849837394,0.9706629414710728,0.008362171503596524,-0.09440041472101955,-0.1755689146086854,0.0132319148333537
0.196,0.9809616395662516,0.9703116494728247,0.008388370340324034,-0.09434501362167722,-0.1757383482347645,0.01295167900858989
0.198,0.9807730049035212,0.9699600227016228,0.008414012894583036,-0.09428965932067751,-0.1759022207030926,0.01267709793826242
0.2,0.9805844809019194,0.9696080717556147,0.008439109951778524,-0.0942343517769012,-0.1760606430536771,0.01240806050012527
0.202,0.9803960674725092,0.9692558248274756,0.008463689882459817,-0.09417909091532205,-0.1762138980963975,0.01214428373424654
0.204,0.9802077645183329,0.9689032784661816,0.008487749429518602,-0.09412387671903011,-0.1763619592096305,0.01188579422842974
0.206,0.9800195719460408,0.9685504426180289,0.008511298725949905,-0.09406870914567192,-0.1765049306284024,0.01163248766294146
0.208,0.9798314896623574,0.9681973269377721,0.008534347613059897,-0.09401358815274898,-0.1766429136139724,0.0113842626915255
0.21,0.9796435175740809,0.9678439407886251,0.008556905640465913,-0.09395851369764632,-0.1767760064578958,0.01114102093739688
0.212,0.9794556555880833,0.9674902932422607,0.008578982066096445,-0.0939034857376609,-0.1769043044861384,0.01090266698918345
0.214,0.979267903611311,0.9671363930788108,0.008600585856191147,-0.09384850423003008,-0.1770279000632435,0.01066910839681667
0.216,0.9790802615507836,0.966782248786866,0.008621725685300825,-0.09379356913195988,-0.177146882596546,0.01044025566737374
0.218,0.9788927293135952,0.9664278685634761,0.008642409936287449,-0.0937386804006534,-0.1772613385404342,0.01021602226087255
0.22,0.9787053068069136,0.9660732603141499,0.008662646700324144,-0.09368383799333914,-0.1773713514006567,0.009996324586021565
0.222,0.9785179939379807,0.965718431652855,0.008682443776895187,-0.09362904186729894,-0.177477001738672,0.009781081995925839
0.224,0.9783307906141117,0.9653633899020178,0.008701808673796028,-0.0935742919798964,-0.1775783671760416,0.009570216783751251
0.226,0.978143696744232,0.9650081523240207,0.008720758835557892,-0.09351958826669807,-0.1776756219743491,0.009363554559047069
0.228,0.9779567122385773,0.9646527441255356,0.008739319648382222,-0.09346493064485482,-0.177769017450876,0.009160843838833602
0.23,0.9777698370019792,0.9642971537314399,0.00875747972748246,-0.09341031910979801,-0.1778584468605192,0.00896219135907679
0.232,0.9775830709422446,0.9639413885990504,0.008775246714561757,-0.09335575361604297,-0.1779439886493821,0.008767518582703818
0.234,0.9773964139672635,0.9635854559579096,0.008792628023383148,-0.09330123411808883,-0.1780257189478883,0.008576749288289387
0.236,0.9772098659850093,0.9632293628097878,0.008809630839769555,-0.09324676057044091,-0.1781037115742478,0.008389809566634071
0.238,0.9770234269035388,0.9628731159286817,0.008826262121603782,-0.09319233292763253,-0.1781780380379518,0.008206627817313225
0.24,0.9768370966309929,0.9625167218608146,0.008842528598828526,-0.09313795114424707,-0.1782487675432964,0.008027134745197714
0.242,0.9766508750755951,0.9621601869246373,0.008858436773446358,-0.09308361517493989,-0.1783159669929322,0.007851263356947594
0.244,0.9764647621456533,0.961803517210827,0.008873992919519751,-0.09302932497446031,-0.178379700991441,0.007678948957479587
0.246,0.976278757749558,0.9614467185822879,0.008889203083171057,-0.09297508049767339,-0.1784400318489371,0.007510129146409694
0.248,0.9760928617957836,0.9610897966741511,0.008904073082582509,-0.09292088169958175,-0.1784970195846918,0.007344743814471699
0.25,0.975907074192888,0.9607327568937741,0.008918608507996233,-0.09286672853534741,-0.1785507219307823,0.007182735139912494
0.252,0.9757213948523298,0.9603756238895733,0.008932834184911618,-0.09281262091387993,-0.178601382948246,0.0070238588795139
0.254,0.9755358236829746,0.9600184035883107,0.008946756222358987,-0.09275855878729782,-0.1786490650461264,0.006868052528469212
0.256,0.9753503605921809,0.9596610906935248,0.008960369509159932,-0.09270454213450553,-0.1786937218962798,0.006715362372731279
0.258,0.9751650054890181,0.9593036909270513,0.008973679949012272,-0.09265057090795011,-0.1787354138708055,0.006565727945094649
0.26,0.9749797582826466,0.9589462098408429,0.008986693275546275,-0.09259664506011389,-0.1787741996159868,0.006419090504240998
0.262,0.9747946188823196,0.9585886528169677,0.008999415052324685,-0.09254276454353075,-0.1788101360550173,0.006275393032044149
0.264,0.9746095871973818,0.9582310250676103,0.009011850672842693,-0.09248892931080249,-0.1788432783907454,0.006134580230859624
0.266,0.9744246631372696,0.9578733316350716,0.009024005360527956,-0.0924351393146151,-0.1788736801084317,0.005996598520798507
0.268,0.9742398466115114,0.9575155773917683,0.00903588416874059,-0.09238139450775486,-0.1789013929785227,0.005861396036987016
0.27,0.9740551375297277,0.9571577670402337,0.009047491980773174,-0.09232769484312488,-0.1789264670594376,0.005728922626812155
0.272,0.9738705358016304,0.956799905113117,0.009058833509850742,-0.09227404027376096,-0.1789489507003681,0.005599129847153814
0.274,0.9736860413370234,0.9564419959731835,0.009069913299130792,-0.09222043075284796,-0.1789688905440917,0.005471970961604192
0.276,0.9735016540458027,0.9560840438133149,0.009080735721703285,-0.09216686623373585,-0.1789863315297968,0.00534740093767487
0.278,0.973317373840315,0.9557260739791633,0.009091326298526582,-0.09211334661375874,-0.179001522519302,0.005225170708215446
0.28,0.9731332006292948,0.9553680781650626,0.009101676906466185,-0.09205987187773595,-0.1790143876198353,0.005105356135636646
0.282,0.9729491343227485,0.955010058564566,0.009111789919061759,-0.09200644198308501,-0.1790249522253969,0.004987931740773069
0.284,0.9727651748310372,0.9546520195762245,0.009121669914142356,-0.09195305688117265,-0.1790332629356095,0.004872850826735789
0.286,0.9725813220646187,0.9542939654699591,0.009131321340713681,-0.09189971652343469,-0.1790393650455359,0.004760068001333453
0.288,0.972397575934047,0.9539359003870604,0.009140748518958091,-0.09184642086138821,-0.179043302547828,0.004649539174948453
0.29,0.9722139363499724,0.9535778283401882,0.009149955640234599,-0.09179316984664382,-0.1790451181348835,0.004541221558404154
0.292,0.9720304032231423,0.9532197532133722,0.009158946767078876,-0.09173996343091795,-0.1790448532010113,0.004435073660824573
0.294,0.9718469764643993,0.9528616787620108,0.009167725833203249,-0.09168680156604488,-0.1790425478446039,0.004331055287485855
0.296,0.9716636559846834,0.9525036086128729,0.009176296643496699,-0.09163368420398914,-0.1790382408703171,0.004229127537661151
0.298,0.9714804416950309,0.9521455462640962,0.009184662874024864,-0.09158061129685759,-0.1790319697912572,0.004129252802457919
0.3,0.9712973335065741,0.9517874950851881,0.00919282807203003,-0.09152758279691146,-0.1790237708311741,0.004031394762648841
0.302,0.9711143313306848,0.9514294608889025,0.009200798227522991,-0.09147459864919175,-0.1790137036227894,0.003935493675594065
0.304,0.9709314350793602,0.9510714589172432,0.0092085887585123,-0.09142165877110274,-0.1790019182223749,0.00384139931983056
0.306,0.9707486446634729,0.9507134822341413,0.009216192907184974,-0.09136876314348984,-0.1789883516608041,0.003749174626175619
0.308,0.9705659599945727,0.9503555342735654,0.009223614284409013,-0.09131591171739692,-0.1789730405293251,0.003658782905468727
0.31,0.9703833809843084,0.9499976183687641,0.009230856400135977,-0.0912631044439586,-0.178956020400291,0.003570188487626191
0.312,0.970200907544426,0.9496397377522645,0.009237922663400988,-0.09121034127440969,-0.1789373258288878,0.003483356719931538
0.314,0.9700185395867698,0.9492818955558741,0.009244816382322732,-0.09115762216009467,-0.1789169903548679,0.003398253965321466
0.316,0.9698362770232819,0.9489240948106792,0.009251540764103474,-0.09110494705247735,-0.1788950465042872,0.00331484760066747
0.318,0.9696541197660027,0.9485663384470464,0.009258098915029031,-0.0910523159031502,-0.1788715257912468,0.003233106015053597
0.32,0.9694720677270701,0.9482086292946211,0.009264493840468787,-0.09099972866384384,-0.1788464587196375,0.003152998608050156
0.322,0.9692901208187202,0.9478509700823284,0.009270728444875698,-0.09094718528643658,-0.1788198747848893,0.003074495787983925
0.324,0.9691082789532872,0.9474933634383733,0.009276805531786279,-0.09089468572296372,-0.1787918024757226,0.002997568970204825
0.326,0.9689265420432033,0.9471358118902397,0.009282727803820615,-0.09084222992562711,-0.1787622692759045,0.002922190575349717
0.328,0.9687449100010826,0.9467783219184436,0.009288501916265252,-0.09078981783415935,-0.178731340408338,0.002848295259980718
0.33,0.968563382739613,0.9464208986850483,0.009294133205809582,-0.09073744939200455,-0.1786990684034131,0.002775830380596006
0.332,0.9683819601714462,0.9460635408866791,0.009299620543773826,-0.09068512456268076,-0.1786654439681324,0.002704805157229054
0.334,0.968200642209417,0.9457062511699067,0.009304966751059331,-0.09063284329731046,-0.1786304955313599,0.002635191063260989
0.336,0.9680194287664595,0.9453490321240641,0.009310174591131589,-0.09058060554705304,-0.1785942509333761,0.002566960160730034
0.338,0.9678383197556061,0.9449918862828049,0.009315246771579345,-0.09052841126310515,-0.1785567374417509,0.002500085084459411
0.34,0.9676573150899882,0.9446348161256637,0.009320185945673687,-0.09047626039670108,-0.1785179817671856,0.002434539026216501
0.342,0.9674764146828365,0.9442778240796138,0.009324994713927184,-0.09042415289911278,-0.1784780100793234,0.002370295718902168
0.344,0.9672956184474804,0.9439209125206274,0.009329675625652982,-0.09037208872164974,-0.1784368480225279,0.002307329420771567
0.346,0.9671149262973484,0.9435640837752346,0.009334231180523905,-0.09032006781565872,-0.1783945207316314,0.002245614899686083
0.348,0.9669343381459683,0.9432073401220818,0.009338663830131589,-0.09026809013252329,-0.1783510528476504,0.002185127417396196
0.35,0.9667538539069666,0.9428506837934925,0.009342975979545556,-0.0902161556236632,-0.1783064685334702,0.002125842713856185
0.352,0.9665734734940693,0.9424941169770248,0.009347169988872363,-0.09016426424053361,-0.1782607914894977,0.002067736991569563
0.354,0.9663931968206165,0.942137642408488,0.00935124876724105,-0.09011241593249365,-0.1782140506039313,0.002010781261056027
0.356,0.9662130238006663,0.9417812620272631,0.009355214425916596,-0.09006061065162529,-0.1781662671373792,0.001954954165871409
0.358,0.9660329543483459,0.9414249777693648,0.009359069072659038,-0.09000884834992064,-0.1781174622866205,0.001900234413220778
0.36,0.9658529883777406,0.9410687917048285,0.009362814949333486,-0.08995712897878046,-0.1780676584920322,0.001846599465528773
0.362,0.9656731258030314,0.9407127058704979,0.009366454264421387,-0.08990545248961701,-0.1780168778445781,0.001794027134655943
0.364,0.9654933665384957,0.9403567222717193,0.009369989194713971,-0.08985381883385136,-0.1779651421024779,0.001742495565224808
0.366,0.965313710498507,0.9400008428840337,0.00937342188700563,-0.08980222796291051,-0.1779124727078399,0.001691983217981086
0.368,0.9651341575975347,0.9396450696548708,0.009376754459787333,-0.08975067982822432,-0.1778588908032592,0.001642468853189444
0.37,0.9649547077501442,0.9392894045052423,0.009379989004940029,-0.08969917438122231,-0.1778044172483807,0.001593931514063909
0.372,0.9647753608709966,0.938933849331435,0.009383127589428063,-0.08964771157333011,-0.1777490726364269,0.001546350510233316
0.374,0.9645961168748484,0.9385784060067033,0.009386172256992573,-0.08959629135596583,-0.1776928773106901,0.00149970540124153
0.376,0.9644169756765524,0.9382230763829636,0.009389125029844894,-0.08954491368053639,-0.17763585138099,0.001453975980082775
0.378,0.9642379371910597,0.9378678621344942,0.009391987752361011,-0.08949357849899929,-0.177578013244001,0.001409143753997533
0.38,0.9640590013335076,0.9375127601482547,0.009394757481225891,-0.08944228578047209,-0.1775193359519476,0.001365235608996596
0.382,0.9638801680189707,0.9371577755969461,0.009397439558991007,-0.08939103546436783,-0.1774598709984754,0.001322199930260254
0.384,0.9637014371626889,0.9368029099905223,0.009400035665130761,-0.08933982750309247,-0.1773996351541844,0.001280019852000561
0.386,0.9635228086799973,0.936448164802821,0.009402547442812683,-0.08928866184912305,-0.177338644822057,0.001238678876189114
0.388,0.9633442824863268,0.9360935414724117,0.009404976499744413,-0.08923753845500806,-0.1772769160461136,0.001198160863902509
0.39,0.9631658584972039,0.9357390414034426,0.009407324409020701,-0.08918645727336769,-0.1772144645200501,0.001158450026685298
0.392,0.962987536628251,0.9353846659664862,0.009409592709970396,-0.08913541825689357,-0.177151305595857,0.001119530917930142
0.394,0.9628093167951853,0.9350304164993878,0.00941178290900342,-0.08908442135834897,-0.1770874542924218,0.001081388424276103
0.396,0.96263119891382,0.9346762943081113,0.00941389648045779,-0.08903346653056858,-0.1770229253041131,0.001044007757024012
0.398,0.9624531829000631,0.9343223006675864,0.009415934867446565,-0.08898255372645816,-0.1769577330093464,0.001007374443569964
0.4,0.9622752686699183,0.9339684368225551,0.009417899482704885,-0.08893168289899431,-0.1768918914791326,0.0009714743188559971
0.402,0.9620974561394846,0.9336147039884195,0.009419791709436917,-0.08888085400122396,-0.1768254144856091,0.0009362935168387987
0.404,0.9619197452249556,0.9332611033520873,0.009421612902162875,-0.08883006698626379,-0.1767583155105517,0.0009018184619759284
0.406,0.9617421358426205,0.9329076360728206,0.009423364387565993,-0.08877932180729986,-0.1766906077538698,0.0008680358607299349
0.408,0.9615646279088635,0.9325543032830801,0.009425047465339528,-0.08872861841758649,-0.1766223041420831,0.0008349326930898598
0.41,0.9613872213401637,0.9322011060893746,0.009426663409033737,-0.08867795677044574,-0.1765534173367806,0.0008024962041108946
0.412,0.9612099160530951,0.9318480455731062,0.009428213466902879,-0.08862733681926634,-0.1764839597430612,0.0007707138954714671
0.414,0.9610327119643264,0.931495122791418,0.009429698862752196,-0.08857675851750275,-0.1764139435179573,0.0007395735170482309
0.416,0.9608556089906213,0.9311423387780405,0.009431120796784912,-0.08852622181867406,-0.1763433805788392,0.0007090630585088603
0.418,0.9606786070488386,0.9307896945441388,0.009432480446449213,-0.08847572667636282,-0.1762722826118031,0.0006791707409225661
0.42,0.9605017060559307,0.9304371910791591,0.009433778967285245,-0.08842527304421352,-0.1762006610800388,0.0006498850083881819
0.422,0.9603249059289457,0.9300848293516758,0.009435017493772098,-0.08837486087593155,-0.1761285272321825,0.0006211945196805679
0.424,0.9601482065850258,0.9297326103102382,0.00943619714017481,-0.08832449012528153,-0.1760558921106488,0.0005930881399142246
0.426,0.9599716079414075,0.9293805348842182,0.009437319001391333,-0.0882741607460857,-0.1759827665599464,0.0005655549322249737
0.428,0.9597951099154222,0.9290286039846554,0.009438384153799545,-0.0882238726922224,-0.1759091612349752,0.0005385841494695565
0.43,0.9596187124239374,0.9286768225734958,0.009439397725609793,-0.08817362590103216,-0.1758351247693,0.0005121270327642924
0.432,0.9594424153845215,0.9283251911736525,0.00944036040459839,-0.08812342032773485,-0.1757606641012047,0.0004861765542650415
0.434,0.959266218715092,0.9279737084343718,0.009441271004177049,-0.08807325593526841,-0.1756857685960692,0.000460743274467601
0.436,0.9590901223333353,0.9276223753584593,0.00944213069177772,-0.08802313267699061,-0.1756104496845092,0.0004358156694719839
0.438,0.9589141261570314,0.9272711929438122,0.009442940629738803,-0.08797305050625651,-0.1755347187326114,0.0004113822799015621
0.44,0.9587382301040526,0.9269201621845083,0.009443701976392709,-0.08792300937641442,-0.1754585870522153,0.0003874317006135053
0.442,0.9585624340923637,0.9265692840718915,0.009444415887153459,-0.08787300924080178,-0.1753820659111716,0.000363952570431994
0.444,0.9583867380400231,0.9262185595956604,0.009445083515604214,-0.08782305005274095,-0.1753051665435775,0.0003409335619044412
0.446,0.9582111418651799,0.9258679897449549,0.009445706014584887,-0.08777313176553471,-0.1752279001599901,0.0003183633710793082
0.448,0.9580356454860773,0.9255175755094446,0.009446284537279675,-0.08772325433246206,-0.1751502779576165,0.0002962307073076514
0.45,0.9578602488210501,0.925167317880415,0.009446820238304657,-0.08767341770677332,-0.1750723111304807,0.0002745242830659023
0.452,0.9576849517885252,0.9248172178518556,0.009447314274795346,-0.08762362184168571,-0.1749940108795692,0.0002532328038021836
0.454,0.9575097543070217,0.9244672764215475,0.009447767807494262,-0.08757386669037832,-0.1749153884229523,0.0002323449578043729
0.456,0.9573346562951508,0.9241174945921498,0.00944818200183851,-0.0875241522059873,-0.1748364550058838,0.0002118494060908416
0.458,0.9571596576716156,0.9237678733722879,0.009448558029047335,-0.08747447834160081,-0.1747572219108779,0.0001917347723236901
0.46,0.9569847583552108,0.9234184137776407,0.009448897067209708,-0.08742484505025377,-0.1746777004677637,0.0001719896327438825
0.462,0.9568099582648232,0.9230691168320276,0.009449200302371877,-0.08737525228492277,-0.1745979020637161,0.0001526025061293901
0.464,0.956635257319431,0.9227199835684966,0.009449468929624961,-0.0873256999985205,-0.1745178381532661,0.0001335618437748598
0.466,0.9564606554381041,0.9223710150304101,0.009449704154192494,-0.08727618814389031,-0.1744375202682865,0.0001148560194941667
0.468,0.9562861525400037,0.9220222122725349,0.009449907192518004,-0.08722671667380071,-0.1743569600279566,9.647331964481032e-05
0.47,0.9561117485443822,0.9216735763621267,0.009450079273352594,-0.08717728554093945,-0.1742761691487044,7.840193317452948e-05
0.472,0.9559374433700243,0.9213250853750941,0.009450198635035725,-0.08712789479911012,-0.174194945441469,6.084415675124133e-05
0.474,0.9557632369366437,0.9209767518703721,0.00945027799707533,-0.08707854435139475,-0.1741134076915796,4.368101120992562e-05
0.476,0.9555891291638894,0.9206285820125727,0.009450323684784717,-0.08702923412839959,-0.1740316150632314,2.685319356773852e-05
0.478,0.9554151199713627,0.9202805762991263,0.009450336356391056,-0.08697996408557536,-0.1739495739683768,1.035420277391286e-05
0.48,0.9552412092787561,0.91993273521163,0.009450316654108188,-0.0869307341784563,-0.173867290660754,-5.822303841343524e-06
0.482,0.9550673970058511,0.9195850592161386,0.009450265204426643,-0.08688154436266024,-0.1737847712388692,-2.168251354865702e-05
0.484,0.9548936830725192,0.9192375487634517,0.00945018261840367,-0.08683239459388833,-0.173702021648972,-3.723246119533008e-05
0.486,0.9547200673987214,0.9188902042894062,0.009450069491953239,-0.08678328482792536,-0.1736190476880253,-5.247803217459102e-05
0.488,0.9545465499045093,0.9185430262151647,0.009449926406136113,-0.08673421502063966,-0.1735358550066683,-6.742496538894582e-05
0.49,0.9543731305100226,0.9181960149475055,0.00944975392744982,-0.08668518512798286,-0.1734524491121725,-8.207885620677147e-05
0.492,0.9541998091354917,0.9178491708791124,0.009449552608118715,-0.08663619510598998,-0.1733688353713931,-9.644515941319154e-05
0.494,0.9540265857012351,0.917502494388865,0.009449322986383991,-0.08658724491077915,-0.1732850190137127,-0.00011052919215436
0.496,0.9538534601276614,0.9171559858421274,0.009449065586793709,-0.0865383344985516,-0.1732010051339786,-0.0001243361368754442
0.498,0.9536804323352676,0.9168096455910393,0.009448780920492809,-0.08648946382559131,-0.1731167986954352,-0.0001378710442525577
0.5,0.9535075022446399,0.9164634739748045,0.009448469485513153,-0.08644063284826482,-0.173032404532648,-0.000151138836118378
0.502,0.9533346697764533,0.9161174713199822,0.009448131767063543,-0.08639184152302111,-0.1729478273544236,-0.0001641443083813671
0.504,0.9531619348514715,0.9157716379407752,0.009447768237819747,-0.08634308980639108,-0.1728630717467213,-0.0001768921339391355
0.506,0.9529892973905467,0.9154259741393207,0.009447379358214516,-0.08629437765498736,-0.1727781421755597,-0.0001893868655849645
0.508,0.9528167573146197,0.9150804802059803,0.009446965576727617,-0.08624570502550395,-0.1726930429899167,-0.0002016329389087912
0.51,0.9526443145447195,0.9147351564196287,0.009446527330175866,-0.08619707187471581,-0.172607778424623,-0.0002136346751913515
0.512,0.9524719690019633,0.9143900030479443,0.009446065044003133,-0.08614847815947836,-0.1725223526032494,-0.0002253962842926754
0.514,0.9522997206060462,0.9140450243822388,0.009445583170131909,-0.08609992381704208,-0.1724368068075189,-0.0002369591734347615
0.516,0.9521275692794084,0.9137002176044789,0.009445079045646978,-0.08605140881921722,-0.1723511166122087,-0.0002482989737742636
0.518,0.9519555149434524,0.9133555828952358,0.009444553008315117,-0.08600293312331962,-0.1722652853042657,-0.0002594190576264421
0.52,0.9517835575196152,0.9130111205665721,0.009444005527325678,-0.08595449668604967,-0.1721793173774548,-0.0002703240053554962
0.522,0.9516116969294194,0.9126668309252191,0.009443437066363835,-0.08590609946415793,-0.1720932172681582,-0.0002810183398423566
0.524,0.9514399330944738,0.9123227142729636,0.009442848083999162,-0.08585774141444381,-0.1720069893590575,-0.0002915065301698772
0.526,0.951268265936473,0.9119787709070369,0.00944223903407421,-0.08580942249375388,-0.1719206379828083,-0.0003017929953005871
0.528,0.9510966953771968,0.9116350011205038,0.009441610366093148,-0.08576114265898051,-0.1718341674257074,-0.0003118821077463668
0.53,0.9509252213385105,0.9112914052026491,0.009440962525610294,-0.0857129018670601,-0.1717475819313496,-0.0003217781972294637
0.532,0.9507538437423653,0.9109479834393674,0.009440295954618745,-0.08566470007497165,-0.1716608857042793,-0.0003314855543359863
0.534,0.9505825625107969,0.9106047361135508,0.009439611091938962,-0.08561653723973481,-0.1715740829136311,-0.0003410084341614467
0.536,0.950411377565926,0.9102616635054775,0.009438908373607353,-0.08556841331840849,-0.1714871776967646,-0.0003503510599476151
0.538,0.950240288829958,0.9099187658931995,0.009438188233264871,-0.08552032826808881,-0.1714001741628897,-0.0003595176267120748
0.54,0.9500692962251835,0.9095760435529315,0.009437451102545609,-0.0854722820459075,-0.1713130763966844,-0.0003685123048693811
0.542,0.9498983996739773,0.9092334967594389,0.009436697411465378,-0.08542427460903,-0.1712258884619041,-0.000377339243844102
0.544,0.9497275990987984,0.9088911257864262,0.009435927588810315,-0.08537630591465363,-0.1711386144049837,-0.0003860025756764057
0.546,0.9495568944221904,0.908548930906925,0.00943514206252547,-0.08532837592000554,-0.1710512582586303,-0.0003945064186192115
0.548,0.9493862855667805,0.9082069123936832,0.009434341260103379,-0.085280484582341,-0.1709638240454092,-0.0004028548807272075
0.55,0.9492157724552801,0.9078650705195518,0.009433525608972693,-0.0852326318589411,-0.170876315781321,-0.0004110520634388187
0.552,0.9490453550104846,0.9075234055578747,0.009432695536886738,-0.08518481770711105,-0.1707887374793712,-0.0004191020651491267
0.554,0.9488750331553834,0.907181916666411,0.009431850355625791,-0.08513704208991793,-0.1707010829231917,-0.0004269987433558331
0.556,0.9487048068135946,0.906840597520251,0.009430983893043192,-0.08508930499881313,-0.1706132956865246,-0.000434685688898373
0.558,0.9485346759075693,0.9064994543795314,0.009430102564373934,-0.08504160636059033,-0.1705254346540702,-0.0004422219328895916
0.56,0.9483646403604529,0.9061584873546062,0.009429206633681547,-0.08499394613359416,-0.1704375023349031,-0.0004496100677147258
0.562,0.9481947000954747,0.905817696549475,0.009428296358506578,-0.08494632427623966,-0.170349501174722,-0.0004568526222426539
0.564,0.9480248550359479,0.9054770820619735,0.009427371990058553,-0.0848987407470117,-0.1702614335577217,-0.0004639520636982863
0.566,0.947855105105269,0.9051366439839654,0.009426433773407952,-0.08485119550446442,-0.1701733018084602,-0.0004709107995313905
0.568,0.9476854502269185,0.9047963824015346,0.009425481947678178,-0.08480368850722074,-0.1700851081937226,-0.0004777311792811129
0.57,0.9475158903244597,0.9044562973951763,0.009424516746237503,-0.08475621971397174,-0.1699968549243798,-0.0004844154964363245
0.572,0.9473464253215392,0.9041163890399895,0.009423538396891059,-0.08470878908347612,-0.1699085441572445,-0.0004909659902922331
0.574,0.9471770551418875,0.9037766574058675,0.009422547122072782,-0.08466139657455955,-0.1698201779969217,-0.0004973848478026094
0.576,0.947007779709317,0.9034371025576913,0.00942154313903739,-0.08461404214611404,-0.1697317584976564,-0.0005036742054283228
0.578,0.9468385989477235,0.9030977245555194,0.009420526660052338,-0.08456672575709727,-0.169643287665176,-0.0005098361509814631
0.58,0.9466695127810852,0.9027585234547806,0.009419497892589796,-0.08451944736653194,-0.1695547674585298,-0.0005158727254658685
0.582,0.9465005211334635,0.9024194993064659,0.009418457039518602,-0.08447220693350506,-0.1694661997919234,-0.0005217859249132956
0.584,0.9463316239290014,0.9020806521573198,0.009417404299296236,-0.08442500441716728,-0.1693775865365502,-0.0005275777022156619
0.586,0.9461628210919246,0.9017419820500315,0.009416339866160783,-0.08437783977673208,-0.1692889295224176,-0.0005332499689534587
0.588,0.9459941125465414,0.9014034890234274,0.009415263930322899,-0.08433071297147506,-0.1692002305401699,-0.000538804597219833
0.59,0.9458254982172417,0.9010651731126629,0.009414176678157771,-0.08428362396073318,-0.1691114913429074,-0.0005442434214410763
0.592,0.945656978028497,0.9007270343494131,0.009413078292397084,-0.08423657270390392,-0.1690227136480005,-0.0005495682401927132
0.594,0.945488551904861,0.9003890727620659,0.009411968952320996,-0.08418955916044453,-0.1689338991389011,-0.0005547808180120239
0.596,0.9453202197705463,0.9000512890042728,0.009410849463156967,-0.08414258328631256,-0.1688450551857085,-0.0005598886130833841
0.598,0.945151981549608,0.8997136840812182,0.009409720981978767,-0.08409564503546826,-0.1687561923441928,-0.0005649022732562847
0.6,0.9449838371676359,0.8993762568368477,0.009408582501552158,-0.08404874437415975,-0.1686673014980262,-0.0005698127497067024
0.602,0.9448157865494808,0.8990390073308326,0.009407434231846984,-0.08400188126180982,-0.1685783845951079,-0.0005746220714882289
0.604,0.9446478296200732,0.89870193562275,0.00940627638257964,-0.083955055657881,-0.1684894435781498,-0.0005793322623878217
0.606,0.944479966304423,0.8983650417723263,0.009405109163455954,-0.08390826752187423,-0.1684004803868882,-0.0005839453431397412
0.608,0.9443121965276198,0.8980283258396778,0.009403932784414044,-0.08386151681332733,-0.1683114969602894,-0.0005884633336347145
0.61,0.9441445202148314,0.8976917878855546,0.009402747455867213,-0.0838148034918134,-0.1682224952387513,-0.0005928882551244768
0.612,0.9439769372913057,0.8973554279715829,0.009401553388946817,-0.08376812751693968,-0.1681334771663003,-0.0005972221324208882
0.614,0.9438094476823687,0.8970192461605072,0.009400350795745143,-0.08372148884834579,-0.1680444446927821,-0.0006014669960905383
0.616,0.943642051313425,0.8966832425164333,0.009399139889558289,-0.08367488744570221,-0.167955399776049,-0.000605624884644565
0.618,0.9434747481099582,0.8963474171050705,0.009397920885129031,-0.08362832326870891,-0.1678663443841409,-0.0006096978467231423
0.62,0.94330753799753,0.8960117699939741,0.009396693998889717,-0.08358179627709351,-0.1677772804974628,-0.0006136879432757925
0.622,0.9431404209017793,0.8956763012527886,0.009395459449205118,-0.08353530643060988,-0.1676882101109559,-0.0006175972497361321
0.624,0.9429733967484247,0.8953410109534894,0.009394217456615334,-0.08348885368903652,-0.1675991352362654,-0.000621427858192386
0.626,0.9428064654632611,0.8950058991706257,0.009392968244078648,-0.08344243801217469,-0.1675100579039021,-0.0006251818795527386
0.628,0.9426396269721621,0.8946709659815634,0.00939171203721441,-0.08339605935984705,-0.1674209801654,-0.0006288614457058833
0.63,0.9424728812010783,0.8943362114667268,0.009390449064545925,-0.0833497176918957,-0.1673319040954684,-0.00063246871167702
0.632,0.9423062280760374,0.894001635709842,0.009389179557743304,-0.08330341296818056,-0.1672428317941398,-0.0006360058577787042
0.634,0.9421396675231446,0.8936672387981792,0.009387903751866362,-0.08325714514857768,-0.1671537653889125,-0.0006394750917571024
0.636,0.9419731994685818,0.8933330208227946,0.009386621885607497,-0.08321091419297737,-0.1670647070368884,-0.0006428786509336398
0.638,0.9418068238399478,0.8929989792132678,0.00938533153334894,-0.08316472007718144,-0.1669756348657684,-0.0006461947114055205
0.64,0.9416405405640123,0.8926651132047829,0.009384032076735299,-0.08311856276640517,-0.1668865433273675,-0.0006494177945571278
0.642,0.941474349566009,0.8923314252452336,0.009382726113192246,-0.08307244220668739,-0.1667974558593925,-0.0006525714460176857
0.644,0.9413082507724847,0.8919979153283486,0.009381413783356286,-0.08302635835870745,-0.1667083737345719,-0.0006556570171569742
0.646,0.9411422441100642,0.8916645834468467,0.00938009522669562,-0.08298031118319353,-0.1666192982132266,-0.0006586758468395265
0.648,0.940976329505452,0.8913314295925435,0.009378770581616774,-0.08293430064092222,-0.1665302305442519,-0.0006616292624074677
0.65,0.9408105068854314,0.8909984537564567,0.009377439985571185,-0.08288832669271766,-0.1664411719660966,-0.0006645185806612858
0.652,0.9406447761768647,0.8906656559289139,0.009376103575161806,-0.08284238929945119,-0.1663521237077404,-0.0006673451088380633
0.654,0.940479137306693,0.8903330360996583,0.009374761486249711,-0.08279648842204058,-0.1662630869896691,-0.0006701101455879183
0.656,0.9403135902019359,0.8900005942579551,0.009373413854060715,-0.08275062402144935,-0.1661740630248472,-0.0006728149819485024
0.658,0.9401481347896919,0.8896683303926981,0.009372060813291941,-0.08270479605868626,-0.166085053019689,-0.0006754609023164743
0.66,0.9399827709971377,0.8893362444925161,0.009370702498218463,-0.08265900449480448,-0.1659960581750269,-0.0006780491854179865
0.662,0.9398174987515284,0.8890043365458791,0.009369339042799881,-0.08261324929090103,-0.1659070796870781,-0.0006805811052760652
0.664,0.9396523179801975,0.8886726065412048,0.009367970580786941,-0.08256753040811603,-0.1658181187484086,-0.0006830579321765312
0.666,0.9394872286105573,0.8883410544669655,0.009366597245828129,-0.08252184780763215,-0.1657291765488955,-0.0006854809336312162
0.668,0.9393222305700972,0.8880096803117936,0.009365219171576285,-0.08247620145067368,-0.165640254276687,-0.0006878513753396931
0.67,0.9391573237863852,0.8876784840645884,0.009363836491795195,-0.0824305912985059,-0.1655513531191602,-0.0006901705221484256
0.672,0.9389925081870668,0.8873474657146231,0.009362449340466195,-0.0823850173124345,-0.1654624742638767,-0.0006924396390077386
0.674,0.9388277836998661,0.8870166252516504,0.009361057851894795,-0.08233947945380468,-0.1653736188995365,-0.0006946599919271657
0.676,0.9386631502525843,0.8866859626660093,0.009359662160817248,-0.08229397768400044,-0.1652847882169291,-0.0006968328489281861
0.678,0.9384986077731,0.8863554779487312,0.009358262402507185,-0.08224851196444377,-0.1651959834098827,-0.000698959480995201
0.68,0.9383341561881798,0.8860251700212779,0.00935685764489376,-0.08220308226285106,-0.1651071961196699,-0.0007010315939678102
0.682,0.9381697954261706,0.8856950391575891,0.009355448305223604,-0.0821576885391226,-0.1650184300694408,-0.0007030529911956074
0.684,0.9380055254156712,0.8853650857901407,0.009354034958774038,-0.08211233075224976,-0.1649296903898393,-0.0007050288853397563
0.686,0.9378413460848326,0.8850353098800935,0.009352617710403887,-0.082067008864015,-0.1648409779991885,-0.0007069602711585465
0.688,0.9376772573618811,0.8847057113880794,0.009351196664292506,-0.08202172283624738,-0.1647522938083748,-0.0007088481358799859
0.69,0.9375132591751181,0.8843762902742679,0.009349771924006905,-0.08197647263082222,-0.1646636387214595,-0.0007106934598150871
0.692,0.9373493514529198,0.8840470464984331,0.009348343592568878,-0.08193125820966067,-0.1645750136362913,-0.0007124972169700178
0.694,0.937185534123737,0.883717980020021,0.009346911772522119,-0.08188607953472912,-0.1644864194451151,-0.0007142603756568749
0.696,0.9370218071160954,0.8833890907982151,0.009345476565999327,-0.08184093656803888,-0.1643978570351806,-0.0007159838991028233
0.698,0.9368581703585951,0.8830603787920047,0.009344038074789361,-0.08179582927164562,-0.1643093272893497,-0.0007176687460584558
0.7,0.9366946237799108,0.8827318439602508,0.009342596400404322,-0.08175075760764898,-0.1642208310867021,-0.0007193158714041137
0.702,0.9365311673087907,0.8824034862617535,0.00934115164414669,-0.08170572153819197,-0.1641323693031395,-0.0007209262267555139
0.704,0.936367800874058,0.8820753056553174,0.00933970390717645,-0.08166072102546057,-0.1640439428119889,-0.0007225007610677237
0.706,0.936204524404609,0.8817473020998213,0.009338253290578203,-0.08161575603168321,-0.1639555524846043,-0.0007240404212379009
0.708,0.9360413378294142,0.8814194755542819,0.009336799895428292,-0.08157082651913025,-0.163867199190967,-0.0007255461527065354
0.71,0.9358782410775179,0.8810918259779227,0.009335343822861912,-0.0815259324501135,-0.1637788838002847,-0.0007270189000577326
0.712,0.9357152340780375,0.8807643533302403,0.009333885174140242,-0.08148107378698569,-0.1636906071815892,-0.000728459607617804
0.714,0.9355523167601639,0.8804370575710704,0.009332424050717563,-0.08143625049213993,-0.1636023702043325,-0.0007298692200526646
0.716,0.9353894890531618,0.8801099386606562,0.009330960554308366,-0.08139146252800925,-0.1635141737389826,-0.0007312486829641474
0.718,0.9352267508863678,0.8797829965597144,0.009329494786954494,-0.08134670985706598,-0.1634260186576166,-0.0007325989434846109
0.72,0.9350641021891921,0.879456231229501,0.009328026851092238,-0.08130199244182117,-0.1633379058345129,-0.0007339209508705341
0.722,0.9349015428931842,0.8791296407604692,0.009326554974076726,-0.08125731025760166,-0.1632498194965301,-0.0007351989813267346
0.724,0.934739072926649,0.8788032262475789,0.009325080394257029,-0.08121266325933532,-0.1631617706142466,-0.0007364440955759111
0.726,0.9345766922189341,0.8784769879085157,0.009323603470623418,-0.08116805140793698,-0.1630737623412034,-0.0007376595253294621
0.728,0.9344144006997912,0.8781509256611043,0.009322124261497925,-0.08112347466640898,-0.1629857951600314,-0.0007388458272134246
0.73,0.9342521982990469,0.8778250394216501,0.009320642823532566,-0.08107893299780916,-0.1628978695378351,-0.0007400035422167883
0.732,0.9340900849466021,0.8774993291049509,0.009319159211722508,-0.08103442636525074,-0.162809985926338,-0.0007411331958364908
0.734,0.9339280605724334,0.8771737946243101,0.009317673479419268,-0.08098995473190247,-0.1627221447620275,-0.0007422352982225239
0.736,0.9337661251065911,0.8768484358915503,0.009316185678343882,-0.08094551806098842,-0.1626343464662994,-0.0007433103443225259
0.738,0.9336042784792006,0.8765232528170254,0.009314695858600081,-0.0809011163157881,-0.1625465914456023,-0.0007443588140260832
0.74,0.9334425206204614,0.8761982453096345,0.00931320406868748,-0.08085674945963632,-0.1624588800915815,-0.0007453811723088649
0.742,0.9332808514606479,0.8758734132768347,0.009311710355514759,-0.08081241745592335,-0.1623712127812229,-0.0007463778693762302
0.744,0.9331192709301082,0.8755487566246534,0.009310214764412838,-0.08076812026809466,-0.1622835898769961,-0.0007473493408068355
0.746,0.9329577789592649,0.8752242752577023,0.009308717339148063,-0.08072385785965103,-0.1621960117269977,-0.0007482960076956868
0.748,0.932796375478615,0.8748999690791901,0.009307218121935383,-0.08067963019414855,-0.162108478665094,-0.0007492182767968869
0.75,0.9326350604187296,0.874575837990935,0.009305717153451529,-0.08063543723519852,-0.1620209910110634,-0.0007501165406663679
0.752,0.9324738337102528,0.8742518818933787,0.009304214472848201,-0.08059127894646738,-0.1619335490707389,-0.0007509911778041251
0.754,0.9323126952839039,0.873928100685598,0.009302710117765241,-0.08054715529167676,-0.1618461531361495,-0.0007518425527959643
0.756,0.9321516450704753,0.8736044942653198,0.009301204124343824,-0.08050306623460347,-0.1617588034856624,-0.0007526710164554445
0.758,0.9319906830008334,0.8732810625289319,0.009299696527239616,-0.08045901173907932,-0.1616715003841236,-0.0007534769059649865
0.76,0.9318298090059181,0.8729578053714977,0.009298187359635987,-0.08041499176899122,-0.1615842440829995,-0.0007542605450170936
0.762,0.9316690230166935,0.8726347226996928,0.009296676666279979,-0.08037100628817861,-0.161497034935258,-0.0007550223589007227
0.764,0.9315083249623681,0.8723118148972099,0.009295164972447761,-0.08032705525673356,-0.1614098775255824,-0.0007557670121152438
0.766,0.9313477147756356,0.8719890814543139,0.009293651903016828,-0.08028313864187642,-0.1613227685045542,-0.0007564912208013891
0.768,0.9311871923876903,0.8716665222711101,0.009292137495703057,-0.08023925640762741,-0.1612357081610721,-0.0007571953458172381
0.77,0.9310267577297986,0.871344137246985,0.0092906217873615,-0.08019540851805676,-0.1611486967760222,-0.0007578797399087206
0.772,0.9308664107332971,0.8710219262806329,0.009289104814012069,-0.08015159493728434,-0.1610617346225193,-0.0007585447479505902
0.774,0.9307061513295942,0.8706998892700799,0.009287586610865194,-0.08010781562947947,-0.1609748219661455,-0.0007591907071865384
0.776,0.930545979450168,0.8703780261127103,0.009286067212347508,-0.08006407055886085,-0.1608879590651907,-0.0007598179474689742
0.778,0.9303858950265682,0.8700563367052909,0.009284546652127516,-0.08002035968969617,-0.1608011461708906,-0.0007604267914982366
0.78,0.9302258979904149,0.8697348209439979,0.009283024963141271,-0.0799766829863022,-0.1607143835276655,-0.0007610175550611525
0.782,0.930065988273398,0.869413478724441,0.009281502177618035,-0.07993304041304422,-0.1606276713733579,-0.0007615905472694862
0.784,0.9299061658072783,0.8690923099416895,0.00927997832710597,-0.07988943193433613,-0.1605410099394696,-0.0007621460707972899
0.786,0.9297464305238866,0.8687713144902978,0.009278453442497803,-0.07984585751464016,-0.1604543994513986,-0.0007626844221182982
0.788,0.9295867823551234,0.8684504922643304,0.009276927554056489,-0.07980231711846654,-0.1603678401286754,-0.0007632058917423495
0.79,0.9294272212329597,0.8681298431573873,0.009275400691440904,-0.07975881071037348,-0.1602813321851986,-0.0007637107644516555
0.792,0.9292677470894357,0.86780936706263,0.009273872883731507,-0.07971533825496679,-0.1601948758294701,-0.0007641993195364738
0.794,0.9291083598566616,0.8674890638728062,0.009272344159456007,-0.07967189971689978,-0.1601084712648295,-0.0007646718310299616
0.796,0.9289490594668169,0.8671689334802758,0.009270814546615051,-0.07962849506087301,-0.160022118689689,-0.0007651285679429881
0.798,0.9287898458521507,0.866848975777036,0.009269284072707882,-0.07958512425163401,-0.1599358182977662,-0.0007655697944981971
0.8,0.9286307189449812,0.8665291906547467,0.00926775276475803,-0.0795417872539772,-0.1598495702783179,-0.000765995770363459
0.802,0.9284716786776952,0.8662095780047561,0.009266220649338963,-0.0794984840327435,-0.1597633748163721,-0.0007664067508851152
0.804,0.9283127249831071,0.8658901377078927,0.009264687741652117,-0.07945521455299596,-0.1596772319973938,-0.0007668028914018105
0.806,0.9281538577949866,0.8655708696193127,0.009263154029313174,-0.07941197878028132,-0.1595911416659838,-0.0007671841054211342
0.808,0.9279950770447105,0.8652517736644364,0.009261619574989256,-0.07936877667898119,-0.1595051043216283,-0.0007675509636659722
0.81,0.9278363826649788,0.8649328497325373,0.009260084402553173,-0.07932560821413959,-0.1594191201247809,-0.0007679036965017733
0.812,0.9276777745885627,0.8646140977126467,0.009258548535495001,-0.07928247335084714,-0.1593331892323047,-0.0007682425306104329
0.814,0.927519252748303,0.8642955174935789,0.009257011996946387,-0.07923937205424059,-0.1592473117976911,-0.0007685676892098814
0.816,0.9273608170771116,0.8639771089639539,0.00925547480970481,-0.07919630428950282,-0.1591614879712774,-0.0007688793922717985
0.818,0.9272024675079694,0.8636588720122229,0.009253936996257874,-0.07915327002186248,-0.159075717900465,-0.0007691778567400498
0.82,0.9270442039739291,0.8633408065266917,0.009252398578807592,-0.07911026921659392,-0.1589900017299355,-0.0007694632967477077
0.822,0.9268860264081121,0.8630229123955447,0.009250859579294651,-0.07906730183901682,-0.1589043396018678,-0.0007697359238341139
0.824,0.9267279347437101,0.8627051895068689,0.00924932001942271,-0.0790243678544959,-0.1588187316561533,-0.0007699959471615531
0.826,0.9265699289139852,0.8623876377486789,0.009247779920682668,-0.07898146722844104,-0.158733178030613,-0.0007702435737308722
0.828,0.9264120088522687,0.8620702570089402,0.009246239304376963,-0.0789385999263067,-0.1586476788612108,-0.0007704790085974328
0.83,0.9262541744919619,0.8617530471755935,0.00924469819164383,-0.07889576591359182,-0.1585622342822695,-0.0007707024550858838
0.832,0.9260964257665358,0.8614360081365791,0.009243156603481604,-0.07885296515583969,-0.1584768444266842,-0.0007709141150048504
0.834,0.9259387626095307,0.8611191397798601,0.009241614560772979,-0.07881019761863742,-0.158391509426136,-0.0007711141888611384
0.836,0.9257811849545565,0.8608024419934481,0.009240072084309318,-0.07876746326761611,-0.1583062294113056,-0.0007713028760734097
0.838,0.9256236927352925,0.8604859146654259,0.009238529194814901,-0.07872476206845025,-0.1582210045120857,-0.0007714803751851518
0.84,0.9254662858854875,0.8601695576839722,0.00923698591297124,-0.07868209398685772,-0.1581358348577933,-0.0007716468840778118
0.842,0.9253089643389592,0.8598533709373855,0.009235442259441326,-0.07863945898859938,-0.1580507205773815,-0.0007718026001826972
0.844,0.9251517280295943,0.8595373543141085,0.009233898254893937,-0.07859685703947893,-0.1579656617996509,-0.0007719477206930558
0.846,0.9249945768913491,0.8592215077027521,0.009232353920027908,-0.07855428810534265,-0.1578806586534606,-0.000772082442775282
0.848,0.9248375108582486,0.8589058309921196,0.009230809275596417,-0.0785117521520791,-0.1577957112679382,-0.0007722069637799561
0.85,0.9246805298643863,0.8585903240712303,0.009229264342431254,-0.07846924914561891,-0.1577108197726899,-0.0007723214814521068
0.852,0.9245236338439253,0.8582749868293442,0.00922771914146712,-0.07842677905193456,-0.1576259842980103,-0.0007724261941412375
0.854,0.9243668227310969,0.8579598191559863,0.009226173693765893,-0.07838434183703998,-0.157541204975091,-0.0007725213010110615
0.856,0.9242100964602008,0.8576448209409696,0.009224628020540922,-0.07834193746699043,-0.1574564819362291,-0.0007726070022482656
0.858,0.9240534549656058,0.8573299920744202,0.009223082143181292,-0.07829956590788222,-0.1573718153150356,-0.0007726834992712178
0.86,0.923896898181749,0.8570153324468018,0.009221536083276125,-0.07825722712585245,-0.1572872052466431,-0.0007727509949382178
0.862,0.9237404260431358,0.8567008419489384,0.009219989862638845,-0.07821492108707867,-0.1572026518679124,-0.0007728096937550943
0.864,0.9235840384843399,0.8563865204720396,0.009218443503331468,-0.07817264775777867,-0.1571181553176398,-0.0007728598020824706
0.866,0.9234277354400032,0.856072367907724,0.009216897027688879,-0.07813040710421021,-0.157033715736763,-0.0007729015283426122
0.868,0.9232715168448355,0.8557583841480438,0.009215350458343114,-0.07808819909267069,-0.1569493332685671,-0.0007729350832256926
0.87,0.9231153826336156,0.8554445690855089,0.009213803818247646,-0.07804602368949703,-0.1568650080588898,-0.0007729606798957123
0.872,0.9229593327411891,0.8551309226131106,0.009212257130701656,-0.07800388086106524,-0.1567807402563264,-0.0007729785341958895
0.874,0.9228033671024701,0.8548174446243462,0.009210710419374324,-0.07796177057379017,-0.1566965300124342,-0.0007729888648538297
0.876,0.9226474856524406,0.8545041350132425,0.009209163708329107,-0.07791969279412528,-0.1566123774819363,-0.0007729918936858066
0.878,0.92249168832615,0.8541909936743807,0.009207617022048014,-0.07787764748856232,-0.1565282828229257,-0.0007729878458010292
0.88,0.9223359750587149,0.8538780205029198,0.009206070385455904,-0.07783563462363101,-0.1564442461970674,-0.0007729769498053679
0.882,0.9221803457853208,0.8535652153946214,0.009204523823944743,-0.07779365416589891,-0.1563602677698021,-0.0007729594380042754
0.884,0.9220248004412195,0.8532525782458729,0.009202977363397908,-0.07775170608197091,-0.1562763477105476,-0.0007729355466057908
0.886,0.9218693389617305,0.8529401089537129,0.009201431030214452,-0.07770979033848913,-0.156192486192901,-0.0007729055159227533
0.888,0.9217139612799045,0.8526278066192778,0.009199884059430771,-0.07766790690770202,-0.1561086765751432,-0.0007728627597391596
0.89,0.9215586673312861,0.8523156711720109,0.009198336509399512,-0.07762605575614495,-0.1560249193128935,-0.0007728078006036115
0.892,0.9214034570530919,0.852003703088909,0.009196788982685404,-0.07758423684654715,-0.1559412195442996,-0.0007727458512053059
0.894,0.9212483303808745,0.8516919022576961,0.009195241495906755,-0.07754245014579067,-0.1558575773594679,-0.0007726770678865985
0.896,0.9210932872502516,0.8513802685664208,0.009193694065876225,-0.07750069562079705,-0.1557739928500291,-0.0007726016084350501
0.898,0.9209383275969075,0.8510688019034753,0.009192146709617852,-0.07745897323852725,-0.1556904661092816,-0.0007725196322271172
0.9,0.9207834513565913,0.8507575021576101,0.009190599444384049,-0.0774172829659813,-0.1556069972323342,-0.0007724313003716343
0.902,0.9206286584651179,0.8504463692179527,0.009189052287672615,-0.07737562477019815,-0.1555235863162491,-0.0007723367758528249
0.904,0.9204739488583668,0.8501354029740226,0.009187505257243739,-0.07733399861825538,-0.1554402334601839,-0.0007722362236731867
0.906,0.9203193224722832,0.8498246033157495,0.009185958371137013,-0.07729240447726904,-0.155356938765534,-0.0007721298109959612
0.908,0.9201647792428771,0.8495139701334894,0.009184411647688431,-0.0772508423143934,-0.155273702336074,-0.0007720177072872147
0.91,0.920010319106223,0.849203503318042,0.009182865105547403,-0.07720931209682069,-0.1551905242780993,-0.0007719000844578633
0.912,0.9198559419984614,0.848893202760666,0.009181318763693762,-0.07716781379178096,-0.1551074047005669,-0.0007717771170050042
0.914,0.9197016478557964,0.8485830683530984,0.009179772641454764,-0.07712634736654179,-0.1550243437152369,-0.0007716489821533029
0.916,0.9195474366144973,0.8482730999875685,0.0091782267585221,-0.07708491278840797,-0.1549413414368119,-0.0007715158599959776
0.918,0.9193933082108975,0.8479632975568172,0.009176681134968907,-0.0770435100247215,-0.1548583979830782,-0.0007713779336352006
0.92,0.9192392625813952,0.8476536609541117,0.009175135791266765,-0.07700213904286109,-0.1547755134750448,-0.0007712353893226387
0.922,0.9190852996624527,0.8473441900732637,0.009173590748302715,-0.07696079981024211,-0.1546926880370836,-0.0007710884165993831
0.924,0.9189314193905963,0.8470348848086461,0.009172046027396257,-0.07691949229431631,-0.1546099217970682,-0.0007709372084355737
0.926,0.9187776217024171,0.8467257450552088,0.009170501650316363,-0.07687821646257156,-0.154527214886513,-0.0007707819613698846
0.928,0.918623906534569,0.8464167707084965,0.009168957639298488,-0.07683697228253153,-0.1544445674407118,-0.0007706228756487188
0.93,0.9184702738237712,0.8461079616646651,0.009167414017061557,-0.07679575972175563,-0.154361979598876,-0.0007704601553647078
0.932,0.9183167235068055,0.8457993178204984,0.009165870806825,-0.07675457874783864,-0.1542794515042727,-0.0007702940085954346
0.934,0.9181632555205179,0.8454908390734255,0.00916432803232574,-0.07671342932841051,-0.1541969833043625,-0.0007701246475415313
0.936,0.9180098698018179,0.8451825253215365,0.009162785717835204,-0.07667231143113602,-0.1541145751509367,-0.0007699522886646382
0.938,0.9178565662876783,0.8448743764636002,0.009161243888176336,-0.07663122502371469,-0.1540322272002542,-0.0007697771528248076
0.94,0.9177033449151357,0.8445663923990807,0.009159702568740597,-0.07659017007388048,-0.1539499396131789,-0.0007695994654178945
0.942,0.9175502056212894,0.8442585730281541,0.009158161785504975,-0.07654914654940143,-0.1538677125553155,-0.0007694194565125989
0.944,0.9173971483433022,0.8439509182517254,0.009156621565048992,-0.07650815441807952,-0.153785546197146,-0.0007692373609869546
0.946,0.9172441730183999,0.8436434279714451,0.009155081934571712,-0.07646719364775044,-0.1537034407141657,-0.0007690534186648446
0.948,0.9170912795838708,0.8433361020897261,0.009153542921908743,-0.07642626420628322,-0.1536213962870184,-0.0007688678744519895
0.95,0.9169384679770669,0.8430289405097605,0.009152004555549256,-0.07638536606158004,-0.1535394131016319,-0.0007686809784718668
0.952,0.9167857381354022,0.8427219431355366,0.009150466864652979,-0.07634449918157604,-0.153457491349353,-0.0007684929862009499
0.954,0.9166330899963536,0.8424151098718553,0.00914892987906721,-0.07630366353423894,-0.153375631227082,-0.0007683041586040995
0.956,0.9164805234974602,0.8421084406243474,0.009147393629343822,-0.0762628590875688,-0.1532938329374069,-0.000768114762269359
0.958,0.9163280385763243,0.8418019352994898,0.009145858146756274,-0.07622208580959791,-0.1532120966887383,-0.0007679250695424439
0.96,0.9161756351706097,0.8414955938046226,0.00914432346331661,-0.07618134366839029,-0.1531304226954418,-0.0007677353586612451
0.962,0.9160233132180425,0.8411894160479662,0.009142789611792487,-0.0761406326320416,-0.1530488111779729,-0.0007675459138897361
0.964,0.9158710726564113,0.8408834019386375,0.009141256625724155,-0.07609995266867882,-0.1529672623630092,-0.0007673570256515605
0.966,0.9157189134235666,0.8405775513866673,0.009139724539441469,-0.07605930374645999,-0.1528857764835835,-0.0007671689906634804
0.968,0.9155668354574203,0.8402718643030164,0.009138193388080919,-0.07601868583357388,-0.1528043537792164,-0.0007669821120686315
0.97,0.9154148386959469,0.8399663405995931,0.00913666320760261,-0.07597809889823988,-0.1527229944960489,-0.0007667966995691666
0.972,0.9152629230800068,0.8396609760363462,0.00913512987623427,-0.07593754294470034,-0.1526416636256769,-0.0007665777362761833
0.974,0.9151110885454558,0.8393557738220423,0.009133596731030123,-0.07589701791281725,-0.1525603894323399,-0.0007663536067053917
0.976,0.9149593350302198,0.8390507342141899,0.009132064153647555,-0.07585652376795853,-0.1524791750980492,-0.000766127562132124
0.978,0.9148076624725378,0.8387458571007042,0.009130532155523386,-0.0758160604787297,-0.1523980206644297,-0.0007658997069703161
0.98,0.9146560708107112,0.838441142369683,0.009129000748153631,-0.07577562801377448,-0.1523169261735307,-0.0007656701459817367
0.982,0.9145045599831024,0.8381365899094129,0.009127469943098977,-0.07573522634177467,-0.152235891667871,-0.0007654389843217285
0.984,0.9143531299281359,0.8378321996083731,0.009125939751990258,-0.07569485543145005,-0.1521549171904849,-0.0007652063275848386
0.986,0.9142017805842974,0.8375279713552418,0.009124410186533958,-0.07565451525155825,-0.1520740027849671,-0.0007649722818506427
0.988,0.9140505118901344,0.8372239050389017,0.009122881258517677,-0.07561420577089477,-0.1519931484955186,-0.0007647369537290283
0.99,0.9138993237842558,0.8369200005484441,0.009121352979815615,-0.07557392695829264,-0.151912354366991,-0.0007645004504057279
0.992,0.9137482162053309,0.8366162577731753,0.009119825362394071,-0.07553367878262242,-0.1518316204449326,-0.0007642628796877826
0.994,0.9135971890920915,0.8363126766026213,0.009118298418316901,-0.07549346121279214,-0.1517509467756327,-0.000764024350048409
0.996,0.9134462423833295,0.8360092569265336,0.009116772159751015,-0.07545327421774707,-0.1516703334061666,-0.0007637849706724764
0.998,0.913295376017898,0.8357059986348935,0.009115246598971864,-0.07541311776646961,-0.1515897803844406,-0.0007635448515013743
1,0.9131445899347111,0.8354029016179189,0.00911372174836891,-0.07537299182797935,-0.1515092877592366,-0.0007633041032778509
1,0.9131445899347111,0.8354029016179189,0.00911372174836891,-0.07537299182797935,-0.1515092877592366,-0.0007633041032778509
