"time","Inductance1.v","SaturatingInductance1.v","SineVoltage1.v"
0,1.25,1.25,1.25
0.002,1.249997500000833,1.249997500000833,1.249997500000833
0.004,1.249990000013333,1.249990000013333,1.249990000013333
0.006,1.2499775000675,1.2499775000675,1.2499775000675
0.008,1.249960000213333,1.249960000213333,1.249960000213333
0.01,1.249937500520832,1.249937500520832,1.249937500520832
0.012,1.249910001079995,1.249910001079995,1.249910001079995
0.014,1.24987750200082,1.24987750200082,1.24987750200082
0.016,1.249840003413304,1.249840003413304,1.249840003413304
0.018,1.249797505467441,1.249797505467441,1.249797505467441
0.02,1.249750008333222,1.249750008333222,1.249750008333222
0.022,1.249697512200636,1.249697512200636,1.249697512200636
0.024,1.249640017279668,1.249640017279668,1.249640017279668
0.026,1.249577523800297,1.249577523800297,1.249577523800297
0.028,1.249510032012497,1.249510032012497,1.249510032012497
0.03,1.249437542186234,1.249437542186234,1.249437542186234
0.032,1.249360054611469,1.249360054611469,1.249360054611469
0.034,1.249277569598152,1.249277569598152,1.249277569598152
0.036,1.249190087476221,1.249190087476221,1.249190087476221
0.038,1.249097608595606,1.249097608595606,1.249097608595606
0.04,1.249000133326222,1.249000133326222,1.249000133326222
0.042,1.248897662057971,1.248897662057971,1.248897662057971
0.044,1.248790195200736,1.248790195200736,1.248790195200736
0.046,1.248677733184385,1.248677733184385,1.248677733184385
0.048,1.248560276458767,1.248560276458767,1.248560276458767
0.05,1.248437825493708,1.248437825493708,1.248437825493708
0.052,1.248310380779011,1.248310380779011,1.248310380779011
0.054,1.248177942824455,1.248177942824455,1.248177942824455
0.056,1.248040512159793,1.248040512159793,1.248040512159793
0.058,1.247898089334746,1.247898089334746,1.247898089334746
0.06,1.247750674919005,1.247750674919005,1.247750674919005
0.062,1.247598269502229,1.247598269502229,1.247598269502229
0.064,1.247440873694037,1.247440873694037,1.247440873694037
0.066,1.247278488124015,1.247278488124015,1.247278488124015
0.068,1.247111113441703,1.247111113441703,1.247111113441703
0.07,1.246938750316599,1.246938750316599,1.246938750316599
0.072,1.246761399438158,1.246761399438158,1.246761399438158
0.074,1.24657906151578,1.24657906151578,1.24657906151578
0.076,1.246391737278819,1.246391737278819,1.246391737278819
0.078,1.246199427476571,1.246199427476571,1.246199427476571
0.08,1.246002132878274,1.246002132878274,1.246002132878274
0.082,1.245799854273107,1.245799854273107,1.245799854273107
0.084,1.245592592470184,1.245592592470184,1.245592592470184
0.086,1.245380348298552,1.245380348298552,1.245380348298552
0.088,1.245163122607188,1.245163122607188,1.245163122607188
0.09,1.244940916264993,1.244940916264993,1.244940916264993
0.092,1.244713730160793,1.244713730160793,1.244713730160793
0.094,1.244481565203332,1.244481565203332,1.244481565203332
0.096,1.244244422321269,1.244244422321269,1.244244422321269
0.098,1.244002302463176,1.244002302463176,1.244002302463176
0.1,1.243755206597532,1.243755206597532,1.243755206597532
0.102,1.24350313571272,1.24350313571272,1.24350313571272
0.104,1.243246090817023,1.243246090817023,1.243246090817023
0.106,1.242984072938621,1.242984072938621,1.242984072938621
0.108,1.242717083125584,1.242717083125584,1.242717083125584
0.11,1.242445122445871,1.242445122445871,1.242445122445871
0.112,1.242168191987325,1.242168191987325,1.242168191987325
0.114,1.241886292857668,1.241886292857668,1.241886292857668
0.116,1.241599426184495,1.241599426184495,1.241599426184495
0.118,1.241307593115272,1.241307593115272,1.241307593115272
0.12,1.241010794817333,1.241010794817333,1.241010794817333
0.122,1.240709032477868,1.240709032477868,1.240709032477868
0.124,1.240402307303929,1.240402307303929,1.240402307303929
0.126,1.240090620522413,1.240090620522413,1.240090620522413
0.128,1.239773973380069,1.239773973380069,1.239773973380069
0.13,1.239452367143485,1.239452367143485,1.239452367143485
0.132,1.239125803099085,1.239125803099085,1.239125803099085
0.134,1.238794282553124,1.238794282553124,1.238794282553124
0.136,1.238457806831685,1.238457806831685,1.238457806831685
0.138,1.23811637728067,1.23811637728067,1.23811637728067
0.14,1.237769995265796,1.237769995265796,1.237769995265796
0.142,1.237418662172592,1.237418662172592,1.237418662172592
0.144,1.237062379406389,1.237062379406389,1.237062379406389
0.146,1.236701148392318,1.236701148392318,1.236701148392318
0.148,1.236334970575302,1.236334970575302,1.236334970575302
0.15,1.235963847420053,1.235963847420053,1.235963847420053
0.152,1.235587780411061,1.235587780411061,1.235587780411061
0.154,1.235206771052596,1.235206771052596,1.235206771052596
0.156,1.234820820868693,1.234820820868693,1.234820820868693
0.158,1.234429931403153,1.234429931403153,1.234429931403153
0.16,1.234034104219534,1.234034104219534,1.234034104219534
0.162,1.233633340901143,1.233633340901143,1.233633340901143
0.164,1.233227643051033,1.233227643051033,1.233227643051033
0.166,1.232817012291995,1.232817012291995,1.232817012291995
0.168,1.232401450266552,1.232401450266552,1.232401450266552
0.17,1.231980958636951,1.231980958636951,1.231980958636951
0.172,1.231555539085158,1.231555539085158,1.231555539085158
0.174,1.231125193312851,1.231125193312851,1.231125193312851
0.176,1.230689923041412,1.230689923041412,1.230689923041412
0.178,1.230249730011922,1.230249730011922,1.230249730011922
0.18,1.229804615985152,1.229804615985152,1.229804615985152
0.182,1.229354582741558,1.229354582741558,1.229354582741558
0.184,1.228899632081272,1.228899632081272,1.228899632081272
0.186,1.228439765824096,1.228439765824096,1.228439765824096
0.188,1.227974985809495,1.227974985809495,1.227974985809495
0.19,1.227505293896588,1.227505293896588,1.227505293896588
0.192,1.227030691964142,1.227030691964142,1.227030691964142
0.194,1.226551181910564,1.226551181910564,1.226551181910564
0.196,1.226066765653894,1.226066765653894,1.226066765653894
0.198,1.225577445131796,1.225577445131796,1.225577445131796
0.2,1.225083222301552,1.225083222301552,1.225083222301552
0.202,1.224584099140052,1.224584099140052,1.224584099140052
0.204,1.224080077643788,1.224080077643788,1.224080077643788
0.206,1.223571159828846,1.223571159828846,1.223571159828846
0.208,1.223057347730896,1.223057347730896,1.223057347730896
0.21,1.222538643405185,1.222538643405185,1.222538643405185
0.212,1.222015048926531,1.222015048926531,1.222015048926531
0.214,1.221486566389311,1.221486566389311,1.221486566389311
0.216,1.220953197907454,1.220953197907454,1.220953197907454
0.218,1.220414945614433,1.220414945614433,1.220414945614433
0.22,1.219871811663257,1.219871811663257,1.219871811663257
0.222,1.21932379822646,1.21932379822646,1.21932379822646
0.224,1.218770907496097,1.218770907496097,1.218770907496097
0.226,1.218213141683729,1.218213141683729,1.218213141683729
0.228,1.217650503020418,1.217650503020418,1.217650503020418
0.23,1.217082993756718,1.217082993756718,1.217082993756718
0.232,1.216510616162667,1.216510616162667,1.216510616162667
0.234,1.215933372527773,1.215933372527773,1.215933372527773
0.236,1.215351265161009,1.215351265161009,1.215351265161009
0.238,1.214764296390806,1.214764296390806,1.214764296390806
0.24,1.214172468565037,1.214172468565037,1.214172468565037
0.242,1.213575784051012,1.213575784051012,1.213575784051012
0.244,1.21297424523547,1.21297424523547,1.21297424523547
0.246,1.212367854524563,1.212367854524563,1.212367854524563
0.248,1.211756614343855,1.211756614343855,1.211756614343855
0.25,1.211140527138306,1.211140527138306,1.211140527138306
0.252,1.210519595372263,1.210519595372263,1.210519595372263
0.254,1.209893821529452,1.209893821529452,1.209893821529452
0.256,1.209263208112968,1.209263208112968,1.209263208112968
0.258,1.208627757645264,1.208627757645264,1.208627757645264
0.26,1.207987472668141,1.207987472668141,1.207987472668141
0.262,1.207342355742739,1.207342355742739,1.207342355742739
0.264,1.206692409449523,1.206692409449523,1.206692409449523
0.266,1.206037636388277,1.206037636388277,1.206037636388277
0.268,1.205378039178095,1.205378039178095,1.205378039178095
0.27,1.204713620457363,1.204713620457363,1.204713620457363
0.272,1.204044382883755,1.204044382883755,1.204044382883755
0.274,1.203370329134222,1.203370329134222,1.203370329134222
0.276,1.202691461904976,1.202691461904976,1.202691461904976
0.278,1.202007783911486,1.202007783911486,1.202007783911486
0.28,1.201319297888464,1.201319297888464,1.201319297888464
0.282,1.200626006589851,1.200626006589851,1.200626006589851
0.284,1.199927912788813,1.199927912788813,1.199927912788813
0.286,1.199225019277724,1.199225019277724,1.199225019277724
0.288,1.198517328868156,1.198517328868156,1.198517328868156
0.29,1.197804844390871,1.197804844390871,1.197804844390871
0.292,1.197087568695806,1.197087568695806,1.197087568695806
0.294,1.196365504652062,1.196365504652062,1.196365504652062
0.296,1.195638655147894,1.195638655147894,1.195638655147894
0.298,1.194907023090701,1.194907023090701,1.194907023090701
0.3,1.194170611407007,1.194170611407007,1.194170611407007
0.302,1.193429423042461,1.193429423042461,1.193429423042461
0.304,1.192683460961814,1.192683460961814,1.192683460961814
0.306,1.191932728148912,1.191932728148912,1.191932728148912
0.308,1.191177227606688,1.191177227606688,1.191177227606688
0.31,1.190416962357142,1.190416962357142,1.190416962357142
0.312,1.189651935441333,1.189651935441333,1.189651935441333
0.314,1.188882149919368,1.188882149919368,1.188882149919368
0.316,1.18810760887039,1.18810760887039,1.18810760887039
0.318,1.18732831539256,1.18732831539256,1.18732831539256
0.32,1.186544272603051,1.186544272603051,1.186544272603051
0.322,1.185755483638034,1.185755483638034,1.185755483638034
0.324,1.184961951652663,1.184961951652663,1.184961951652663
0.326,1.184163679821066,1.184163679821066,1.184163679821066
0.328,1.183360671336329,1.183360671336329,1.183360671336329
0.33,1.182552929410484,1.182552929410484,1.182552929410484
0.332,1.181740457274498,1.181740457274498,1.181740457274498
0.334,1.180923258178258,1.180923258178258,1.180923258178258
0.336,1.180101335390561,1.180101335390561,1.180101335390561
0.338,1.179274692199095,1.179274692199095,1.179274692199095
0.34,1.178443331910433,1.178443331910433,1.178443331910433
0.342,1.177607257850014,1.177607257850014,1.177607257850014
0.344,1.176766473362134,1.176766473362134,1.176766473362134
0.346,1.17592098180993,1.17592098180993,1.17592098180993
0.348,1.175070786575367,1.175070786575367,1.175070786575367
0.35,1.174215891059224,1.174215891059224,1.174215891059224
0.352,1.173356298681082,1.173356298681082,1.173356298681082
0.354,1.17249201287931,1.17249201287931,1.17249201287931
0.356,1.17162303711105,1.17162303711105,1.17162303711105
0.358,1.170749374852203,1.170749374852203,1.170749374852203
0.36,1.169871029597418,1.169871029597418,1.169871029597418
0.362,1.168988004860075,1.168988004860075,1.168988004860075
0.364,1.168100304172271,1.168100304172271,1.168100304172271
0.366,1.167207931084807,1.167207931084807,1.167207931084807
0.368,1.166310889167176,1.166310889167176,1.166310889167176
0.37,1.165409182007543,1.165409182007543,1.165409182007543
0.372,1.164502813212736,1.164502813212736,1.164502813212736
0.374,1.163591786408228,1.163591786408228,1.163591786408228
0.376,1.162676105238127,1.162676105238127,1.162676105238127
0.378,1.161755773365154,1.161755773365154,1.161755773365154
0.38,1.160830794470638,1.160830794470638,1.160830794470638
0.382,1.159901172254491,1.159901172254491,1.159901172254491
0.384,1.158966910435202,1.158966910435202,1.158966910435202
0.386,1.158028012749816,1.158028012749816,1.158028012749816
0.388,1.157084482953923,1.157084482953923,1.157084482953923
0.39,1.156136324821641,1.156136324821641,1.156136324821641
0.392,1.155183542145602,1.155183542145602,1.155183542145602
0.394,1.154226138736934,1.154226138736934,1.154226138736934
0.396,1.15326411842525,1.15326411842525,1.15326411842525
0.398,1.15229748505863,1.15229748505863,1.15229748505863
0.4,1.151326242503606,1.151326242503606,1.151326242503606
0.402,1.150350394645147,1.150350394645147,1.150350394645147
0.404,1.149369945386644,1.149369945386644,1.149369945386644
0.406,1.148384898649892,1.148384898649892,1.148384898649892
0.408,1.147395258375076,1.147395258375076,1.147395258375076
0.41,1.146401028520756,1.146401028520756,1.146401028520756
0.412,1.145402213063851,1.145402213063851,1.145402213063851
0.414,1.144398815999621,1.144398815999621,1.144398815999621
0.416,1.143390841341653,1.143390841341653,1.143390841341653
0.418,1.142378293121844,1.142378293121844,1.142378293121844
0.42,1.141361175390385,1.141361175390385,1.141361175390385
0.422,1.140339492215747,1.140339492215747,1.140339492215747
0.424,1.13931324768466,1.13931324768466,1.13931324768466
0.426,1.138282445902102,1.138282445902102,1.138282445902102
0.428,1.137247090991278,1.137247090991278,1.137247090991278
0.43,1.136207187093606,1.136207187093606,1.136207187093606
0.432,1.135162738368701,1.135162738368701,1.135162738368701
0.434,1.134113748994356,1.134113748994356,1.134113748994356
0.436,1.133060223166527,1.133060223166527,1.133060223166527
0.438,1.132002165099316,1.132002165099316,1.132002165099316
0.44,1.130939579024954,1.130939579024954,1.130939579024954
0.442,1.129872469193784,1.129872469193784,1.129872469193784
0.444,1.128800839874244,1.128800839874244,1.128800839874244
0.446,1.127724695352849,1.127724695352849,1.127724695352849
0.448,1.126644039934176,1.126644039934176,1.126644039934176
0.45,1.125558877940846,1.125558877940846,1.125558877940846
0.452,1.124469213713505,1.124469213713505,1.124469213713505
0.454,1.123375051610808,1.123375051610808,1.123375051610808
0.456,1.122276396009403,1.122276396009403,1.122276396009403
0.458,1.12117325130391,1.12117325130391,1.12117325130391
0.46,1.120065621906906,1.120065621906906,1.120065621906906
0.462,1.118953512248909,1.118953512248909,1.118953512248909
0.464,1.117836926778354,1.117836926778354,1.117836926778354
0.466,1.116715869961583,1.116715869961583,1.116715869961583
0.468,1.115590346282821,1.115590346282821,1.115590346282821
0.47,1.114460360244161,1.114460360244161,1.114460360244161
0.472,1.113325916365546,1.113325916365546,1.113325916365546
0.474,1.11218701918475,1.11218701918475,1.11218701918475
0.476,1.111043673257361,1.111043673257361,1.111043673257361
0.478,1.109895883156759,1.109895883156759,1.109895883156759
0.48,1.108743653474105,1.108743653474105,1.108743653474105
0.482,1.107586988818315,1.107586988818315,1.107586988818315
0.484,1.106425893816047,1.106425893816047,1.106425893816047
0.486,1.105260373111679,1.105260373111679,1.105260373111679
0.488,1.104090431367292,1.104090431367292,1.104090431367292
0.49,1.102916073262652,1.102916073262652,1.102916073262652
0.492,1.101737303495189,1.101737303495189,1.101737303495189
0.494,1.100554126779981,1.100554126779981,1.100554126779981
0.496,1.099366547849733,1.099366547849733,1.099366547849733
0.498,1.098174571454761,1.098174571454761,1.098174571454761
0.5,1.096978202362966,1.096978202362966,1.096978202362966
0.502,1.095777445359824,1.095777445359824,1.095777445359824
0.504,1.094572305248362,1.094572305248362,1.094572305248362
0.506,1.093362786849139,1.093362786849139,1.093362786849139
0.508,1.092148895000226,1.092148895000226,1.092148895000226
0.51,1.090930634557189,1.090930634557189,1.090930634557189
0.512,1.089708010393068,1.089708010393068,1.089708010393068
0.514,1.088481027398359,1.088481027398359,1.088481027398359
0.516,1.087249690480992,1.087249690480992,1.087249690480992
0.518,1.086014004566312,1.086014004566312,1.086014004566312
0.52,1.084773974597062,1.084773974597062,1.084773974597062
0.522,1.08352960553336,1.08352960553336,1.08352960553336
0.524,1.082280902352681,1.082280902352681,1.082280902352681
0.526,1.081027870049835,1.081027870049835,1.081027870049835
0.528,1.07977051363695,1.07977051363695,1.07977051363695
0.53,1.078508838143451,1.078508838143451,1.078508838143451
0.532,1.077242848616037,1.077242848616037,1.077242848616037
0.534,1.075972550118665,1.075972550118665,1.075972550118665
0.536,1.074697947732527,1.074697947732527,1.074697947732527
0.538,1.073419046556031,1.073419046556031,1.073419046556031
0.54,1.07213585170478,1.07213585170478,1.07213585170478
0.542,1.070848368311552,1.070848368311552,1.070848368311552
0.544,1.069556601526278,1.069556601526278,1.069556601526278
0.546,1.068260556516024,1.068260556516024,1.068260556516024
0.548,1.066960238464969,1.066960238464969,1.066960238464969
0.55,1.065655652574382,1.065655652574382,1.065655652574382
0.552,1.064346804062606,1.064346804062606,1.064346804062606
0.554,1.063033698165033,1.063033698165033,1.063033698165033
0.556,1.061716340134084,1.061716340134084,1.061716340134084
0.558,1.06039473523919,1.06039473523919,1.06039473523919
0.56,1.05906888876677,1.05906888876677,1.05906888876677
0.562,1.057738806020206,1.057738806020206,1.057738806020206
0.564,1.056404492319829,1.056404492319829,1.056404492319829
0.566,1.055065953002891,1.055065953002891,1.055065953002891
0.568,1.053723193423548,1.053723193423548,1.053723193423548
0.57,1.052376218952836,1.052376218952836,1.052376218952836
0.572,1.051025034978651,1.051025034978651,1.051025034978651
0.574,1.049669646905728,1.049669646905728,1.049669646905728
0.576,1.048310060155617,1.048310060155617,1.048310060155617
0.578,1.046946280166662,1.046946280166662,1.046946280166662
0.58,1.045578312393984,1.045578312393984,1.045578312393984
0.582,1.044206162309449,1.044206162309449,1.044206162309449
0.584,1.042829835401658,1.042829835401658,1.042829835401658
0.586,1.041449337175915,1.041449337175915,1.041449337175915
0.588,1.040064673154213,1.040064673154213,1.040064673154213
0.59,1.038675848875204,1.038675848875204,1.038675848875204
0.592,1.037282869894185,1.037282869894185,1.037282869894185
0.594,1.03588574178307,1.03588574178307,1.03588574178307
0.596,1.034484470130368,1.034484470130368,1.034484470130368
0.598,1.033079060541165,1.033079060541165,1.033079060541165
0.6,1.031669518637098,1.031669518637098,1.031669518637098
0.602,1.030255850056331,1.030255850056331,1.030255850056331
0.604,1.028838060453538,1.028838060453538,1.028838060453538
0.606,1.027416155499875,1.027416155499875,1.027416155499875
0.608,1.02599014088296,1.02599014088296,1.02599014088296
0.61,1.024560022306849,1.024560022306849,1.024560022306849
0.612,1.023125805492015,1.023125805492015,1.023125805492015
0.614,1.021687496175324,1.021687496175324,1.021687496175324
0.616,1.02024510011001,1.02024510011001,1.02024510011001
0.618,1.018798623065655,1.018798623065655,1.018798623065655
0.62,1.017348070828167,1.017348070828167,1.017348070828167
0.622,1.015893449199752,1.015893449199752,1.015893449199752
0.624,1.014434763998895,1.014434763998895,1.014434763998895
0.626,1.012972021060334,1.012972021060334,1.012972021060334
0.628,1.01150522623504,1.01150522623504,1.01150522623504
0.63,1.01003438539019,1.01003438539019,1.01003438539019
0.632,1.008559504409144,1.008559504409144,1.008559504409144
0.634,1.007080589191426,1.007080589191426,1.007080589191426
0.636,1.005597645652694,1.005597645652694,1.005597645652694
0.638,1.00411067972472,1.00411067972472,1.00411067972472
0.64,1.002619697355366,1.002619697355366,1.002619697355366
0.642,1.001124704508559,1.001124704508559,1.001124704508559
0.644,0.999625707164269,0.999625707164269,0.999625707164269
0.646,0.9981227113184831,0.9981227113184831,0.9981227113184831
0.648,0.996615722983183,0.996615722983183,0.996615722983183
0.65,0.9951047481863196,0.9951047481863196,0.9951047481863196
0.652,0.9935897929717905,0.9935897929717905,0.9935897929717905
0.654,0.992070863399414,0.992070863399414,0.992070863399414
0.656,0.9905479655449069,0.9905479655449069,0.9905479655449069
0.658,0.9890211054998581,0.9890211054998581,0.9890211054998581
0.66,0.9874902893717064,0.9874902893717064,0.9874902893717064
0.662,0.9859555232837134,0.9859555232837134,0.9859555232837134
0.664,0.9844168133749421,0.9844168133749421,0.9844168133749421
0.666,0.9828741658002298,0.9828741658002298,0.9828741658002298
0.668,0.9813275867301651,0.9813275867301651,0.9813275867301651
0.67,0.9797770823510614,0.9797770823510614,0.9797770823510614
0.672,0.9782226588649351,0.9782226588649351,0.9782226588649351
0.674,0.9766643224894772,0.9766643224894772,0.9766643224894772
0.676,0.9751020794580321,0.9751020794580321,0.9751020794580321
0.678,0.9735359360195688,0.9735359360195688,0.9735359360195688
0.68,0.9719658984386599,0.9719658984386599,0.9719658984386599
0.682,0.9703919729954527,0.9703919729954527,0.9703919729954527
0.684,0.968814165985648,0.968814165985648,0.968814165985648
0.686,0.9672324837204704,0.9672324837204704,0.9672324837204704
0.688,0.9656469325266482,0.9656469325266482,0.9656469325266482
0.69,0.964057518746383,0.964057518746383,0.964057518746383
0.692,0.9624642487373286,0.9624642487373286,0.9624642487373286
0.694,0.9608671288725624,0.9608671288725624,0.9608671288725624
0.696,0.9592661655405617,0.9592661655405617,0.9592661655405617
0.698,0.9576613651451777,0.9576613651451777,0.9576613651451777
0.7,0.9560527341056104,0.9560527341056104,0.9560527341056104
0.702,0.9544402788563815,0.9544402788563815,0.9544402788563815
0.704,0.9528240058473093,0.9528240058473093,0.9528240058473093
0.706,0.9512039215434842,0.9512039215434842,0.9512039215434842
0.708,0.9495800324252415,0.9495800324252415,0.9495800324252415
0.71,0.9479523449881353,0.9479523449881353,0.9479523449881353
0.712,0.9463208657429127,0.9463208657429127,0.9463208657429127
0.714,0.9446856012154887,0.9446856012154887,0.9446856012154887
0.716,0.94304655794692,0.94304655794692,0.94304655794692
0.718,0.9414037424933769,0.9414037424933769,0.9414037424933769
0.72,0.9397571614261186,0.9397571614261186,0.9397571614261186
0.722,0.9381068213314676,0.9381068213314676,0.9381068213314676
0.724,0.9364527288107826,0.9364527288107826,0.9364527288107826
0.726,0.9347948904804306,0.9347948904804306,0.9347948904804306
0.728,0.9331333129717632,0.9331333129717632,0.9331333129717632
0.73,0.9314680029310876,0.9314680029310876,0.9314680029310876
0.732,0.9297989670196428,0.9297989670196428,0.9297989670196428
0.734,0.9281262119135698,0.9281262119135698,0.9281262119135698
0.736,0.9264497443038862,0.9264497443038862,0.9264497443038862
0.738,0.9247695708964605,0.9247695708964605,0.9247695708964605
0.74,0.9230856984119848,0.9230856984119848,0.9230856984119848
0.742,0.9213981335859461,0.9213981335859461,0.9213981335859461
0.744,0.9197068831686013,0.9197068831686013,0.9197068831686013
0.746,0.9180119539249499,0.9180119539249499,0.9180119539249499
0.748,0.9163133526347076,0.9163133526347076,0.9163133526347076
0.75,0.9146110860922761,0.9146110860922761,0.9146110860922761
0.752,0.9129051611067196,0.9129051611067196,0.9129051611067196
0.754,0.9111955845017357,0.9111955845017357,0.9111955845017357
0.756,0.9094823631156291,0.9094823631156291,0.9094823631156291
0.758,0.9077655038012828,0.9077655038012828,0.9077655038012828
0.76,0.9060450134261313,0.9060450134261313,0.9060450134261313
0.762,0.9043208988721341,0.9043208988721341,0.9043208988721341
0.764,0.9025931670357477,0.9025931670357477,0.9025931670357477
0.766,0.9008618248278963,0.9008618248278963,0.9008618248278963
0.768,0.8991268791739465,0.8991268791739465,0.8991268791739465
0.77,0.8973883370136788,0.8973883370136788,0.8973883370136788
0.772,0.8956462053012602,0.8956462053012602,0.8956462053012602
0.774,0.8939004910052142,0.8939004910052142,0.8939004910052142
0.776,0.8921512011083959,0.8921512011083959,0.8921512011083959
0.778,0.8903983426079626,0.8903983426079626,0.8903983426079626
0.78,0.8886419225153465,0.8886419225153465,0.8886419225153465
0.782,0.8868819478562252,0.8868819478562252,0.8868819478562252
0.784,0.8851184256704946,0.8851184256704946,0.8851184256704946
0.786,0.8833513630122415,0.8833513630122415,0.8833513630122415
0.788,0.8815807669497144,0.8815807669497144,0.8815807669497144
0.79,0.8798066445652951,0.8798066445652951,0.8798066445652951
0.792,0.8780290029554703,0.8780290029554703,0.8780290029554703
0.794,0.8762478492308041,0.8762478492308041,0.8762478492308041
0.796,0.8744631905159099,0.8744631905159099,0.8744631905159099
0.798,0.8726750339494196,0.8726750339494196,0.8726750339494196
0.8,0.8708833866839566,0.8708833866839566,0.8708833866839566
0.802,0.8690882558861081,0.8690882558861081,0.8690882558861081
0.804,0.8672896487363951,0.8672896487363951,0.8672896487363951
0.806,0.8654875724292437,0.8654875724292437,0.8654875724292437
0.808,0.8636820341729561,0.8636820341729561,0.8636820341729561
0.81,0.8618730411896834,0.8618730411896834,0.8618730411896834
0.812,0.8600606007153955,0.8600606007153955,0.8600606007153955
0.814,0.8582447199998515,0.8582447199998515,0.8582447199998515
0.816,0.8564254063065714,0.8564254063065714,0.8564254063065714
0.818,0.8546026669128083,0.8546026669128083,0.8546026669128083
0.82,0.8527765091095167,0.8527765091095167,0.8527765091095167
0.822,0.8509469402013261,0.8509469402013261,0.8509469402013261
0.824,0.8491139675065089,0.8491139675065089,0.8491139675065089
0.826,0.8472775983569543,0.8472775983569543,0.8472775983569543
0.828,0.8454378400981354,0.8454378400981354,0.8454378400981354
0.83,0.843594700089084,0.843594700089084,0.843594700089084
0.832,0.8417481857023563,0.8417481857023563,0.8417481857023563
0.834,0.8398983043240088,0.8398983043240088,0.8398983043240088
0.836,0.8380450633535632,0.8380450633535632,0.8380450633535632
0.838,0.8361884702039822,0.8361884702039822,0.8361884702039822
0.84,0.8343285323016353,0.8343285323016353,0.8343285323016353
0.842,0.8324652570862712,0.8324652570862712,0.8324652570862712
0.844,0.8305986520109887,0.8305986520109887,0.8305986520109887
0.846,0.828728724542206,0.828728724542206,0.828728724542206
0.848,0.8268554821596301,0.8268554821596301,0.8268554821596301
0.85,0.8249789323562278,0.8249789323562278,0.8249789323562278
0.852,0.8230990826381958,0.8230990826381958,0.8230990826381958
0.854,0.8212159405249311,0.8212159405249311,0.8212159405249311
0.856,0.8193295135489995,0.8193295135489995,0.8193295135489995
0.858,0.8174398092561055,0.8174398092561055,0.8174398092561055
0.86,0.8155468352050645,0.8155468352050645,0.8155468352050645
0.862,0.8136505989677706,0.8136505989677706,0.8136505989677706
0.864,0.8117511081291655,0.8117511081291655,0.8117511081291655
0.866,0.8098483702872099,0.8098483702872099,0.8098483702872099
0.868,0.807942393052853,0.807942393052853,0.807942393052853
0.87,0.8060331840500015,0.8060331840500015,0.8060331840500015
0.872,0.8041207509154885,0.8041207509154885,0.8041207509154885
0.874,0.8022051012990437,0.8022051012990437,0.8022051012990437
0.876,0.800286242863263,0.800286242863263,0.800286242863263
0.878,0.7983641832835786,0.7983641832835786,0.7983641832835786
0.88,0.7964389302482254,0.7964389302482254,0.7964389302482254
0.882,0.7945104914582128,0.7945104914582128,0.7945104914582128
0.884,0.7925788746272937,0.7925788746272937,0.7925788746272937
0.886,0.7906440874819333,0.7906440874819333,0.7906440874819333
0.888,0.7887061377612771,0.7887061377612771,0.7887061377612771
0.89,0.7867650332171211,0.7867650332171211,0.7867650332171211
0.892,0.7848207816138812,0.7848207816138812,0.7848207816138812
0.894,0.7828733907285617,0.7828733907285617,0.7828733907285617
0.896,0.7809228683507231,0.7809228683507231,0.7809228683507231
0.898,0.7789692222824519,0.7789692222824519,0.7789692222824519
0.9,0.7770124603383304,0.7770124603383304,0.7770124603383304
0.902,0.7750525903454037,0.7750525903454037,0.7750525903454037
0.904,0.7730896201431492,0.7730896201431492,0.7730896201431492
0.906,0.7711235575834443,0.7711235575834443,0.7711235575834443
0.908,0.7691544105305375,0.7691544105305375,0.7691544105305375
0.91,0.7671821868610142,0.7671821868610142,0.7671821868610142
0.912,0.7652068944637668,0.7652068944637668,0.7652068944637668
0.914,0.7632285412399611,0.7632285412399611,0.7632285412399611
0.916,0.7612471351030081,0.7612471351030081,0.7612471351030081
0.918,0.7592626839785301,0.7592626839785301,0.7592626839785301
0.92,0.7572751958043287,0.7572751958043287,0.7572751958043287
0.922,0.7552846785303533,0.7552846785303533,0.7552846785303533
0.924,0.7532911401186706,0.7532911401186706,0.7532911401186706
0.926,0.7512945885434325,0.7512945885434325,0.7512945885434325
0.928,0.7492950317908419,0.7492950317908419,0.7492950317908419
0.93,0.7472924778591227,0.7472924778591227,0.7472924778591227
0.932,0.7452869347584885,0.7452869347584885,0.7452869347584885
0.934,0.7432784105111094,0.7432784105111094,0.7432784105111094
0.936,0.7412669131510794,0.7412669131510794,0.7412669131510794
0.938,0.7392524507243845,0.7392524507243845,0.7392524507243845
0.94,0.7372350312888729,0.7372350312888729,0.7372350312888729
0.942,0.7352146629142187,0.7352146629142187,0.7352146629142187
0.944,0.7331913536818936,0.7331913536818936,0.7331913536818936
0.946,0.7311651116851309,0.7311651116851309,0.7311651116851309
0.948,0.7291359450288968,0.7291359450288968,0.7291359450288968
0.95,0.7271038618298542,0.7271038618298542,0.7271038618298542
0.952,0.7250688702163344,0.7250688702163344,0.7250688702163344
0.954,0.7230309783283,0.7230309783283,0.7230309783283
0.956,0.7209901943173167,0.7209901943173167,0.7209901943173167
0.958,0.7189465263465169,0.7189465263465169,0.7189465263465169
0.96,0.7168999825905709,0.7168999825905709,0.7168999825905709
0.962,0.71485057123565,0.71485057123565,0.71485057123565
0.964,0.7127983004793976,0.7127983004793976,0.7127983004793976
0.966,0.7107431785308933,0.7107431785308933,0.7107431785308933
0.968,0.7086852136106231,0.7086852136106231,0.7086852136106231
0.97,0.7066244139504428,0.7066244139504428,0.7066244139504428
0.972,0.7045607877935494,0.7045607877935494,0.7045607877935494
0.974,0.7024943433944436,0.7024943433944436,0.7024943433944436
0.976,0.7004250890189014,0.7004250890189014,0.7004250890189014
0.978,0.6983530329439367,0.6983530329439367,0.6983530329439367
0.98,0.6962781834577716,0.6962781834577716,0.6962781834577716
0.982,0.6942005488598008,0.6942005488598008,0.6942005488598008
0.984,0.6921201374605606,0.6921201374605606,0.6921201374605606
0.986,0.6900369575816928,0.6900369575816928,0.6900369575816928
0.988,0.6879510175559154,0.6879510175559154,0.6879510175559154
0.99,0.6858623257269842,0.6858623257269842,0.6858623257269842
0.992,0.6837708904496653,0.6837708904496653,0.6837708904496653
0.994,0.6816767200896958,0.6816767200896958,0.6816767200896958
0.996,0.6795798230237554,0.6795798230237554,0.6795798230237554
0.998,0.6774802076394284,0.6774802076394284,0.6774802076394284
1,0.6753778823351747,0.6753778823351747,0.6753778823351747
1,0.6753778823351747,0.6753778823351747,0.6753778823351747
