"time","L","der(omega)","der(theta)","g","m","omega","theta"
0,1,-9.785425818585775,0,9.81,1,0,1.5
0.002,1,-9.785412235878313,-0.01957084026762868,9.81,1,-0.01957084026762868,1.499980429156638
0.004,1,-9.785371465345413,-0.03914161227744036,9.81,1,-0.03914161227744036,1.499921716737954
0.006,1,-9.78530343980264,-0.05871224134061018,9.81,1,-0.05871224134061018,1.499823863144518
0.008,1,-9.785208047042126,-0.07828267725788875,9.81,1,-0.07828267725788875,1.499686868703334
0.01,1,-9.785085129805246,-0.09785290249042596,9.81,1,-0.09785290249042596,1.499510733625213
0.012,1,-9.784934486469014,-0.1174228052206388,9.81,1,-0.1174228052206388,1.499295458980984
0.014,1,-9.784755869341435,-0.1369924390474419,9.81,1,-0.1369924390474419,1.499041044257353
0.016,1,-9.784548987762085,-0.1565616186461518,9.81,1,-0.1565616186461518,1.498747491768954
0.018,1,-9.784313504113731,-0.176130387836859,9.81,1,-0.176130387836859,1.49841480096849
0.02,1,-9.784049037284051,-0.1956986585787948,9.81,1,-0.1956986585787948,1.498042973355112
0.022,1,-9.783755161242931,-0.2152663392916336,9.81,1,-0.2152663392916336,1.49763201042827
0.024,1,-9.783431403555138,-0.2348334715991687,9.81,1,-0.2348334715991687,1.497181911609606
0.026,1,-9.783077249960604,-0.2543998869943306,9.81,1,-0.2543998869943306,1.49669268060026
0.028,1,-9.782692138802192,-0.2739655761961425,9.81,1,-0.2739655761961425,1.496164317604082
0.03,1,-9.782275464278948,-0.2935304835916449,9.81,1,-0.2935304835916449,1.495596823842571
0.032,1,-9.781826575730422,-0.3130945535678789,9.81,1,-0.3130945535678789,1.494990200537228
0.034,1,-9.781344778755125,-0.3326576998895205,9.81,1,-0.3326576998895205,1.494344450382348
0.036,1,-9.780829334756822,-0.3522198199706026,9.81,1,-0.3522198199706026,1.493659576858618
0.038,1,-9.780279458016354,-0.3717808760325574,9.81,1,-0.3717808760325574,1.492935580329785
0.04,1,-9.779694319076528,-0.3913408013368032,9.81,1,-0.3913408013368032,1.49217246255244
0.042,1,-9.779073043728099,-0.4108995291447585,9.81,1,-0.4108995291447585,1.491370225283175
0.044,1,-9.778414713947617,-0.4304569815417489,9.81,1,-0.4304569815417489,1.490528871443096
0.046,1,-9.77771836975456,-0.4500130479050629,9.81,1,-0.4500130479050629,1.489648407361392
0.048,1,-9.776983001126492,-0.4695676835589687,9.81,1,-0.4695676835589687,1.48872883249577
0.05,1,-9.776207555626327,-0.4891208165041164,9.81,1,-0.4891208165041164,1.487770149150978
0.052,1,-9.775390936214974,-0.5086723747411556,9.81,1,-0.5086723747411556,1.486772359631764
0.054,1,-9.77453200150345,-0.5282222830020263,9.81,1,-0.5282222830020263,1.485735466509416
0.056,1,-9.773629572812023,-0.5477703608329428,9.81,1,-0.5477703608329428,1.484659480932356
0.058,1,-9.772682416164184,-0.5673165880926363,9.81,1,-0.5673165880926363,1.483544400976681
0.06,1,-9.771689257280887,-0.5868608831745088,9.81,1,-0.5868608831745088,1.48239022973054
0.062,1,-9.770648777492891,-0.6064031644719624,9.81,1,-0.6064031644719624,1.481196970282083
0.064,1,-9.769559613781169,-0.6259433503783991,9.81,1,-0.6259433503783991,1.479964625719458
0.066,1,-9.768420366725806,-0.6454812424828936,9.81,1,-0.6454812424828936,1.478693207894193
0.068,1,-9.767229583261607,-0.6650167855605988,9.81,1,-0.6650167855605988,1.477382717915115
0.07,1,-9.765985767565311,-0.6845499022100581,9.81,1,-0.6845499022100581,1.476033158554878
0.072,1,-9.764687380804293,-0.7040804985734097,9.81,1,-0.7040804985734097,1.474644533820798
0.074,1,-9.763332840091008,-0.7236084807927929,9.81,1,-0.7236084807927929,1.473216847720187
0.076,1,-9.761920525688339,-0.7431336516514394,9.81,1,-0.7431336516514394,1.471750111631261
0.078,1,-9.7604487688536,-0.7626558922005234,9.81,1,-0.7626558922005234,1.470244331350661
0.08,1,-9.758915853358268,-0.7821751357707161,9.81,1,-0.7821751357707161,1.468699508946788
0.082,1,-9.757320022093605,-0.8016912737077084,9.81,1,-0.8016912737077084,1.467115649482144
0.084,1,-9.755659474277351,-0.821204197357191,9.81,1,-0.821204197357191,1.465492758019234
0.086,1,-9.753932369519365,-0.8407137435256326,9.81,1,-0.8407137435256326,1.463830843434887
0.088,1,-9.752136825616541,-0.86021972935344,9.81,1,-0.86021972935344,1.462129915981328
0.09,1,-9.750270910150105,-0.8797220662100624,9.81,1,-0.8797220662100624,1.460389979320652
0.092,1,-9.748332650975064,-0.8992206169663889,9.81,1,-0.8992206169663889,1.458611040506812
0.094,1,-9.746320033040025,-0.9187152415718332,9.81,1,-0.9187152415718332,1.456793106798083
0.096,1,-9.74423099961607,-0.9382057836548012,9.81,1,-0.9382057836548012,1.454936186643077
0.098,1,-9.74206345434858,-0.9576920487579789,9.81,1,-0.9576920487579789,1.45304029128231
0.1,1,-9.73981525313598,-0.9771739028126396,9.81,1,-0.9771739028126396,1.451105427501901
0.102,1,-9.737484211772628,-0.9966511813552358,9.81,1,-0.9966511813552358,1.449131604313936
0.104,1,-9.735068103943153,-1.016123715668476,9.81,1,-1.016123715668476,1.447118831032859
0.106,1,-9.732564661368643,-1.035591332781322,9.81,1,-1.035591332781322,1.445067117275467
0.108,1,-9.729971573958135,-1.055053855468992,9.81,1,-1.055053855468992,1.442976472960916
0.11,1,-9.72728649092854,-1.074511099919095,9.81,1,-1.074511099919095,1.440846909068265
0.112,1,-9.724507020762287,-1.093962876410283,9.81,1,-1.093962876410283,1.438678437416196
0.114,1,-9.721630728208568,-1.113408996880375,9.81,1,-1.113408996880375,1.436471068206474
0.116,1,-9.718655138086728,-1.132849266081912,9.81,1,-1.132849266081912,1.434224812894768
0.118,1,-9.71557773431789,-1.152283484421555,9.81,1,-1.152283484421555,1.431939683269008
0.12,1,-9.712395960115243,-1.171711447960083,9.81,1,-1.171711447960083,1.429615691449387
0.122,1,-9.709107218180593,-1.191132948412399,9.81,1,-1.191132948412399,1.42725284988836
0.124,1,-9.705708873399383,-1.210547752352921,9.81,1,-1.210547752352921,1.424851173117444
0.126,1,-9.702198250307928,-1.229955625421693,9.81,1,-1.229955625421693,1.422410675713841
0.128,1,-9.698572630240815,-1.249356356875321,9.81,1,-1.249356356875321,1.419931370238102
0.13,1,-9.694829256855915,-1.268749715238381,9.81,1,-1.268749715238381,1.417413270959518
0.132,1,-9.690965334496704,-1.288135464201583,9.81,1,-1.288135464201583,1.414856392520634
0.134,1,-9.686978028435915,-1.307513362621774,9.81,1,-1.307513362621774,1.412260749937248
0.136,1,-9.682864465126539,-1.326883164521939,9.81,1,-1.326883164521939,1.409626358598414
0.138,1,-9.67862173878439,-1.346244597005061,9.81,1,-1.346244597005061,1.406953238218697
0.14,1,-9.674246901393536,-1.365597397291878,9.81,1,-1.365597397291878,1.404241406210362
0.142,1,-9.669736963112657,-1.384941311117979,9.81,1,-1.384941311117979,1.40149087797021
0.144,1,-9.665088899519183,-1.404276068517246,9.81,1,-1.404276068517246,1.39870167121307
0.146,1,-9.660299648954666,-1.423601394315612,9.81,1,-1.423601394315612,1.395873804093965
0.148,1,-9.655366112834756,-1.44291700813106,9.81,1,-1.44291700813106,1.393007295208115
0.15,1,-9.650285155967763,-1.462222624373626,9.81,1,-1.462222624373626,1.390102163590935
0.152,1,-9.645053616961363,-1.481517901464969,9.81,1,-1.481517901464969,1.387158434344657
0.154,1,-9.639668288727044,-1.500802544183862,9.81,1,-1.500802544183862,1.384176127298147
0.156,1,-9.63412592752972,-1.520076257223604,9.81,1,-1.520076257223604,1.381155262152884
0.158,1,-9.628423257385668,-1.539338725362942,9.81,1,-1.539338725362942,1.378095860680075
0.16,1,-9.622556967704678,-1.558589627472002,9.81,1,-1.558589627472002,1.37499794516876
0.162,1,-9.616523713677891,-1.577828636512291,9.81,1,-1.577828636512291,1.371861538425813
0.164,1,-9.610320116675501,-1.597055419536693,9.81,1,-1.597055419536693,1.368686663775938
0.166,1,-9.603942779789548,-1.616269602834159,9.81,1,-1.616269602834159,1.365473352628866
0.168,1,-9.597388254681631,-1.635470850729992,9.81,1,-1.635470850729992,1.362221627371576
0.17,1,-9.59065306434155,-1.654658812421233,9.81,1,-1.654658812421233,1.358931512910487
0.172,1,-9.583733701905809,-1.673833126225552,9.81,1,-1.673833126225552,1.355603035749019
0.174,1,-9.57662662917086,-1.692993424149648,9.81,1,-1.692993424149648,1.352236222995772
0.176,1,-9.569328277070504,-1.712139331889242,9.81,1,-1.712139331889242,1.348831102364536
0.178,1,-9.561835046164353,-1.731270468829082,9.81,1,-1.731270468829082,1.34538770217428
0.18,1,-9.554143320410763,-1.750386407758723,9.81,1,-1.750386407758723,1.341906057312337
0.182,1,-9.546249436917565,-1.769486769838061,9.81,1,-1.769486769838061,1.33838619517688
0.184,1,-9.538149710751663,-1.788571149069048,9.81,1,-1.788571149069048,1.334828146857192
0.186,1,-9.529840429470172,-1.807639131231789,9.81,1,-1.807639131231789,1.331231944330604
0.188,1,-9.521317853457449,-1.826690294630292,9.81,1,-1.826690294630292,1.327597620352101
0.19,1,-9.512578216541431,-1.845724210022853,9.81,1,-1.845724210022853,1.323925208464629
0.192,1,-9.503617727719172,-1.864740439934639,9.81,1,-1.864740439934639,1.320214743459255
0.194,1,-9.494432583836215,-1.883738531937221,9.81,1,-1.883738531937221,1.316466266228372
0.196,1,-9.485018937903783,-1.902718036839769,9.81,1,-1.902718036839769,1.312679810479181
0.198,1,-9.475372927273462,-1.921678492979609,9.81,1,-1.921678492979609,1.308855414132314
0.2,1,-9.465490666651974,-1.940619430570018,9.81,1,-1.940619430570018,1.304993116115556
0.202,1,-9.455368248871022,-1.959540371616083,9.81,1,-1.959540371616083,1.301092956384722
0.204,1,-9.445001745675981,-1.978440829830568,9.81,1,-1.978440829830568,1.297154975944538
0.206,1,-9.43438720853363,-1.997320310549773,9.81,1,-1.997320310549773,1.29317921686952
0.208,1,-9.423520669459098,-2.016178310649392,9.81,1,-2.016178310649392,1.289165722324855
0.21,1,-9.412398141862205,-2.035014318460379,9.81,1,-2.035014318460379,1.285114536587279
0.212,1,-9.401015621413366,-2.053827813684813,9.81,1,-2.053827813684813,1.28102570506596
0.214,1,-9.389369086929211,-2.072618267311749,9.81,1,-2.072618267311749,1.276899274323377
0.216,1,-9.377454501278063,-2.091385141533092,9.81,1,-2.091385141533092,1.272735292096195
0.218,1,-9.365267812305445,-2.110127889659449,9.81,1,-2.110127889659449,1.268533807316154
0.22,1,-9.35280492891405,-2.12884599510463,9.81,1,-2.12884599510463,1.264294861730155
0.222,1,-9.340061724741663,-2.14753896449457,9.81,1,-2.14753896449457,1.26001849138482
0.224,1,-9.327034142512884,-2.166206167288672,9.81,1,-2.166206167288672,1.255704761114903
0.226,1,-9.31371807144588,-2.184847030640498,9.81,1,-2.184847030640498,1.251353722645907
0.228,1,-9.300109389568391,-2.203460973476426,9.81,1,-2.203460973476426,1.246965428771695
0.23,1,-9.286203964678469,-2.22204740646127,9.81,1,-2.22204740646127,1.242539933364667
0.232,1,-9.271997655322526,-2.240605731963908,9.81,1,-2.240605731963908,1.238077291385944
0.234,1,-9.257486311790597,-2.259135344022915,9.81,1,-2.259135344022915,1.233577558895542
0.236,1,-9.242665777128968,-2.277635628312177,9.81,1,-2.277635628312177,1.229040793062554
0.238,1,-9.227531888170089,-2.296105962106534,9.81,1,-2.296105962106534,1.224467052175328
0.24,1,-9.212080476579827,-2.314545714247393,9.81,1,-2.314545714247393,1.219856395651649
0.242,1,-9.196307369922033,-2.33295424510836,9.81,1,-2.33295424510836,1.215208884048913
0.244,1,-9.18020839274044,-2.351330906560873,9.81,1,-2.351330906560873,1.210524579074309
0.246,1,-9.163779465311196,-2.369675045396734,9.81,1,-2.369675045396734,1.205803571483161
0.248,1,-9.147016355996048,-2.387985994383385,9.81,1,-2.387985994383385,1.2010459092061
0.25,1,-9.129914889901332,-2.406263079727478,9.81,1,-2.406263079727478,1.19625165784783
0.252,1,-9.112470899502123,-2.424505619193999,9.81,1,-2.424505619193999,1.191420885800908
0.254,1,-9.094680220947794,-2.44271292189605,9.81,1,-2.44271292189605,1.186553662837305
0.256,1,-9.076538695317542,-2.460884288261352,9.81,1,-2.460884288261352,1.181650060125659
0.258,1,-9.058042169895241,-2.479019009998747,9.81,1,-2.479019009998747,1.176710150248542
0.26,1,-9.039186499463563,-2.497116370064709,9.81,1,-2.497116370064709,1.171734007219718
0.262,1,-9.019967547617252,-2.515175642629841,9.81,1,-2.515175642629841,1.1667217065014
0.264,1,-9.000381188095451,-2.533196093045384,9.81,1,-2.533196093045384,1.161673325021516
0.266,1,-8.980423306132945,-2.551176977809721,9.81,1,-2.551176977809721,1.156588941190967
0.268,1,-8.960089800853993,-2.569117619726325,9.81,1,-2.569117619726325,1.151468635177214
0.27,1,-8.939376584309775,-2.587017232869109,9.81,1,-2.587017232869109,1.146312488324961
0.272,1,-8.918279584399686,-2.604875036860091,9.81,1,-2.604875036860091,1.141120583563099
0.274,1,-8.896794746340346,-2.622690259129282,9.81,1,-2.622690259129282,1.135893005429792
0.276,1,-8.874918033891483,-2.640462118679817,9.81,1,-2.640462118679817,1.130629840034495
0.278,1,-8.852645430818104,-2.658189826077268,9.81,1,-2.658189826077268,1.125331175075305
0.28,1,-8.829972942370251,-2.675872583438945,9.81,1,-2.675872583438945,1.119997099856292
0.282,1,-8.80689659678022,-2.693509584423203,9.81,1,-2.693509584423203,1.114627705304835
0.284,1,-8.783412446776875,-2.711100014218754,9.81,1,-2.711100014218754,1.109223083988966
0.286,1,-8.759516571116846,-2.728643049533969,9.81,1,-2.728643049533969,1.103783330134706
0.288,1,-8.735205076132265,-2.746137858586184,9.81,1,-2.746137858586184,1.098308539643402
0.29,1,-8.710474081360433,-2.763583661055694,9.81,1,-2.763583661055694,1.092798806578005
0.292,1,-8.685319752101909,-2.780979609559147,9.81,1,-2.780979609559147,1.087254230159297
0.294,1,-8.659738292042418,-2.798324825753085,9.81,1,-2.798324825753085,1.081674912656618
0.296,1,-8.633725931392869,-2.815618450606105,9.81,1,-2.815618450606105,1.076060956444266
0.298,1,-8.607278935664485,-2.832859617157445,9.81,1,-2.832859617157445,1.070412465622333
0.3,1,-8.580393607292784,-2.850047450529979,9.81,1,-2.850047450529979,1.064729546032649
0.302,1,-8.55306628727509,-2.867181067943226,9.81,1,-2.867181067943226,1.059012305274722
0.304,1,-8.525293356821194,-2.884259578726351,9.81,1,-2.884259578726351,1.053260852721684
0.306,1,-8.49707123901665,-2.901282084331162,9.81,1,-2.901282084331162,1.047475299536233
0.308,1,-8.468396400498298,-2.918247678345113,9.81,1,-2.918247678345113,1.041655758686577
0.31,1,-8.439265353141474,-2.935155446504306,9.81,1,-2.935155446504306,1.035802344962372
0.312,1,-8.409674650183129,-2.952004519283126,9.81,1,-2.952004519283126,1.029915173886887
0.314,1,-8.379620895649749,-2.968793997264584,9.81,1,-2.968793997264584,1.023994363299975
0.316,1,-8.349100751037346,-2.985522906332455,9.81,1,-2.985522906332455,1.018040034314984
0.318,1,-8.318110925227451,-3.002190309085903,9.81,1,-3.002190309085903,1.012052308995951
0.32,1,-8.28664818081532,-3.018795261095923,9.81,1,-3.018795261095923,1.006031311292156
0.322,1,-8.254709335848725,-3.035336810948609,9.81,1,-3.035336810948609,0.9999771670534423
0.324,1,-8.222291265574325,-3.051814000288433,9.81,1,-3.051814000288433,0.9938900040455115
0.326,1,-8.189390904191024,-3.068225863861525,9.81,1,-3.068225863861525,0.987769951965238
0.328,1,-8.156005246609618,-3.084571429558943,9.81,1,-3.084571429558943,0.9816171424559736
0.33,1,-8.122131350218107,-3.100849718459953,9.81,1,-3.100849718459953,0.9754317091228554
0.332,1,-8.08776633665196,-3.117059744875308,9.81,1,-3.117059744875308,0.9692137875481128
0.334,1,-8.05290738865528,-3.133200558691097,9.81,1,-3.133200558691097,0.9629635144293636
0.336,1,-8.017551753643133,-3.149271228299022,9.81,1,-3.149271228299022,0.9566810279497224
0.338,1,-7.981696762935335,-3.165270691925137,9.81,1,-3.165270691925137,0.9503664708763835
0.34,1,-7.945339811629005,-3.181197946760229,9.81,1,-3.181197946760229,0.9440199866556142
0.342,1,-7.908478367820849,-3.197051984343469,9.81,1,-3.197051984343469,0.9376417207686407
0.344,1,-7.87110997438264,-3.212831790642231,9.81,1,-3.212831790642231,0.9312318207461966
0.346,1,-7.833232250736192,-3.228536346131906,9.81,1,-3.228536346131906,0.9247904361830735
0.348,1,-7.794842894626933,-3.244164625875715,9.81,1,-3.244164625875715,0.9183177187526712
0.35,1,-7.75593968389527,-3.259715599604516,9.81,1,-3.259715599604516,0.9118138222215462
0.352,1,-7.716520478244892,-3.275188231796625,9.81,1,-3.275188231796625,0.9052789024639621
0.354,1,-7.676583221007135,-3.290581481757626,9.81,1,-3.290581481757626,0.8987131174764404
0.356,1,-7.636125932784716,-3.305894329155874,9.81,1,-3.305894329155874,0.8921166260744654
0.358,1,-7.595146695854914,-3.321125827046776,9.81,1,-3.321125827046776,0.8854895851660981
0.36,1,-7.553643737712966,-3.336274846372336,9.81,1,-3.336274846372336,0.8788321629979291
0.362,1,-7.511615350020612,-3.351340336576457,9.81,1,-3.351340336576457,0.8721445256816931
0.364,1,-7.469059916380168,-3.366321243285483,9.81,1,-3.366321243285483,0.8654268414746322
0.366,1,-7.425975914031214,-3.38121650842704,9.81,1,-3.38121650842704,0.8586792807920258
0.368,1,-7.3823619155363,-3.396025070348875,9.81,1,-3.396025070348875,0.8519020162197198
0.37,1,-7.338216590454753,-3.410745863937693,9.81,1,-3.410745863937693,0.8450952225266567
0.372,1,-7.293538707003528,-3.425377820738,9.81,1,-3.425377820738,0.8382590766774035
0.374,1,-7.248327133704176,-3.439919869070941,9.81,1,-3.439919869070941,0.8313937578446823
0.376,1,-7.202580841014872,-3.454370934153137,9.81,1,-3.454370934153137,0.8244994474218995
0.378,1,-7.156298899102136,-3.468729944860216,9.81,1,-3.468729944860216,0.8175763284627429
0.38,1,-7.109480410317845,-3.482995952198388,9.81,1,-3.482995952198388,0.8106245754888682
0.382,1,-7.062124708442661,-3.497167788208336,9.81,1,-3.497167788208336,0.8036443839233378
0.384,1,-7.014231181229795,-3.511244376612129,9.81,1,-3.511244376612129,0.7966359433281852
0.386,1,-6.965799325551411,-3.525224639556681,9.81,1,-3.525224639556681,0.7895994454681409
0.388,1,-6.916828748878112,-3.539107497770992,9.81,1,-3.539107497770992,0.7825350843198497
0.39,1,-6.867319170735507,-3.552891870723393,9.81,1,-3.552891870723393,0.7754430560810895
0.392,1,-6.81727042413682,-3.566576676778787,9.81,1,-3.566576676778787,0.76832355917999
0.394,1,-6.766682456990457,-3.580160833355893,9.81,1,-3.580160833355893,0.7611767942842489
0.396,1,-6.715555333481508,-3.593643257084489,9.81,1,-3.593643257084489,0.7540029643103515
0.398,1,-6.663889235426121,-3.607022863962653,9.81,1,-3.607022863962653,0.7468022744327889
0.4,1,-6.611684463597642,-3.620298569514007,9.81,1,-3.620298569514007,0.7395749320932749
0.402,1,-6.558941339532529,-3.633469408209849,9.81,1,-3.633469408209849,0.7323211333716386
0.404,1,-6.505660454187505,-3.646534235125276,9.81,1,-3.646534235125276,0.7250410971296125
0.406,1,-6.451842472849242,-3.659491964195756,9.81,1,-3.659491964195756,0.7177350377926192
0.408,1,-6.397488175443331,-3.672341520509421,9.81,1,-3.672341520509421,0.710403170832504
0.41,1,-6.342598466043166,-3.685081830375255,9.81,1,-3.685081830375255,0.7030457139304678
0.412,1,-6.28717437395254,-3.697711821516406,9.81,1,-3.697711821516406,0.6956628869821603
0.414,1,-6.231217054752007,-3.7102304232635,9.81,1,-3.7102304232635,0.6882549121027743
0.416,1,-6.174727791308016,-3.722636566747952,9.81,1,-3.722636566747952,0.6808220136321382
0.418,1,-6.117707994743808,-3.734929185095282,9.81,1,-3.734929185095282,0.6733644181398092
0.42,1,-6.060159205371095,-3.747107213618429,9.81,1,-3.747107213618429,0.665882354430167
0.422,1,-6.002083093581517,-3.759169590011059,9.81,1,-3.759169590011059,0.6583760535475068
0.424,1,-5.943481362639885,-3.771115340756884,9.81,1,-3.771115340756884,0.6508457362170602
0.426,1,-5.884355967993017,-3.782943387847567,9.81,1,-3.782943387847567,0.6432916410448432
0.428,1,-5.824708990990601,-3.794652662466834,9.81,1,-3.794652662466834,0.6357140079839811
0.43,1,-5.764542619463145,-3.806242122416966,9.81,1,-3.806242122416966,0.628113075828446
0.432,1,-5.70385917400393,-3.817710729648876,9.81,1,-3.817710729648876,0.6204890855208148
0.434,1,-5.64266110854111,-3.829057450487402,9.81,1,-3.829057450487402,0.6128422801527025
0.436,1,-5.580951010862591,-3.840281255856607,9.81,1,-3.840281255856607,0.6051729049651945
0.438,1,-5.518731603092833,-3.851381121505066,9.81,1,-3.851381121505066,0.5974812073492798
0.44,1,-5.456005742120794,-3.86235602823117,9.81,1,-3.86235602823117,0.5897674368462829
0.442,1,-5.392776419978189,-3.873204962108419,9.81,1,-3.873204962108419,0.5820318451482965
0.444,1,-5.329046764167317,-3.883926914710714,9.81,1,-3.883926914710714,0.5742746860986141
0.446,1,-5.264819946910039,-3.894520935779062,9.81,1,-3.894520935779062,0.566496204695225
0.448,1,-5.200099353357362,-3.904986035858467,9.81,1,-3.904986035858467,0.5586966575554884
0.45,1,-5.134888555258432,-3.915321202759773,9.81,1,-3.915321202759773,0.5508763095117704
0.452,1,-5.069191211649112,-3.925525458932808,9.81,1,-3.925525458932808,0.5430354216279986
0.454,1,-5.003011116600063,-3.935597834072149,9.81,1,-3.935597834072149,0.5351742569918978
0.456,1,-4.936352199163781,-3.945537365367231,9.81,1,-3.945537365367231,0.5272930807102197
0.458,1,-4.869218523266239,-3.955343097752441,9.81,1,-3.955343097752441,0.5193921599039748
0.46,1,-4.801614287542537,-3.965014084157223,9.81,1,-3.965014084157223,0.5114717637036618
0.462,1,-4.733543825116134,-3.974549385756182,9.81,1,-3.974549385756182,0.5035321632444995
0.464,1,-4.665011603321147,-3.983948072219182,9.81,1,-3.983948072219182,0.495573631661656
0.466,1,-4.596022223367356,-3.993209221961453,9.81,1,-3.993209221961453,0.4875964440854812
0.468,1,-4.526580342395161,-4.002331944231148,9.81,1,-4.002331944231148,0.4796008687259863
0.47,1,-4.456690767542534,-4.011315352404671,9.81,1,-4.011315352404671,0.4715871778669392
0.472,1,-4.386358560332162,-4.020158535055928,9.81,1,-4.020158535055928,0.4635556597683085
0.474,1,-4.315588838857171,-4.02886061176735,9.81,1,-4.02886061176735,0.4555065959899243
0.476,1,-4.244386851106539,-4.037420712463713,9.81,1,-4.037420712463713,0.4474402699215745
0.478,1,-4.172757974212161,-4.04583797767623,9.81,1,-4.04583797767623,0.4393569667725251
0.48,1,-4.100707713636607,-4.054111558806644,9.81,1,-4.054111558806644,0.431256973561042
0.482,1,-4.028241702301413,-4.062240618391335,9.81,1,-4.062240618391335,0.4231405791039104
0.484,1,-3.955365699655922,-4.070224330365399,9.81,1,-4.070224330365399,0.4150080740059565
0.486,1,-3.882085590686624,-4.078061880326757,9.81,1,-4.078061880326757,0.4068597506495678
0.488,1,-3.808407384867034,-4.085752465800243,9.81,1,-4.085752465800243,0.398695903184214
0.49,1,-3.734337159143252,-4.093295296781418,9.81,1,-4.093295296781418,0.3905168213532217
0.492,1,-3.659881057098498,-4.100689595994345,9.81,1,-4.100689595994345,0.3823227906224828
0.494,1,-3.585045541160824,-4.1079345978917,9.81,1,-4.1079345978917,0.3741141200184115
0.496,1,-3.509837092170614,-4.115029550417153,9.81,1,-4.115029550417153,0.3658911091068554
0.498,1,-3.434262307822472,-4.121973714768423,9.81,1,-4.121973714768423,0.3576540590217481
0.5,1,-3.358327901194919,-4.128766365661638,9.81,1,-4.128766365661638,0.3494032724486743
0.502,1,-3.282040699222308,-4.135406791595702,9.81,1,-4.135406791595702,0.3411390536084335
0.504,1,-3.205407641109399,-4.141894295116667,9.81,1,-4.141894295116667,0.3328617082406045
0.506,1,-3.128435776689029,-4.148228193082091,9.81,1,-4.148228193082091,0.3245715435871094
0.508,1,-3.051132264723423,-4.154407816925404,9.81,1,-4.154407816925404,0.3162688683757779
0.51,1,-2.973504371149638,-4.160432512920278,9.81,1,-4.160432512920278,0.3079539928039118
0.512,1,-2.895559438171369,-4.166301634362866,9.81,1,-4.166301634362866,0.2996272254173359
0.514,1,-2.817304785184968,-4.172014515006879,9.81,1,-4.172014515006879,0.2912888627882902
0.516,1,-2.738748094150523,-4.177570576786003,9.81,1,-4.177570576786003,0.2829392307758281
0.518,1,-2.659897026521383,-4.182969224111794,9.81,1,-4.182969224111794,0.2745786438054873
0.52,1,-2.580759339896151,-4.18820987718863,9.81,1,-4.18820987718863,0.266207417548266
0.522,1,-2.501342885882359,-4.193291972262992,9.81,1,-4.193291972262992,0.2578258688983894
0.524,1,-2.42165560790995,-4.198214961872741,9.81,1,-4.198214961872741,0.2494343159510756
0.526,1,-2.341705538995495,-4.202978315096374,9.81,1,-4.202978315096374,0.241033077980303
0.528,1,-2.261500799458124,-4.207581517802312,9.81,1,-4.207581517802312,0.2326224754165761
0.53,1,-2.181049594588191,-4.212024072898165,9.81,1,-4.212024072898165,0.2242028298246928
0.532,1,-2.100360212269717,-4.216305500580008,9.81,1,-4.216305500580008,0.2157744638815106
0.534,1,-2.019441017416304,-4.22042533665791,9.81,1,-4.22042533665791,0.2073377010264815
0.536,1,-1.938300273976607,-4.224383025518364,9.81,1,-4.224383025518364,0.1988928471896852
0.538,1,-1.856946616994851,-4.228178210912314,9.81,1,-4.228178210912314,0.190440240190888
0.54,1,-1.775388626986141,-4.231810476891647,9.81,1,-4.231810476891647,0.1819802056076254
0.542,1,-1.693634953237015,-4.235279425293279,9.81,1,-4.235279425293279,0.1735130698907842
0.544,1,-1.611694311124103,-4.238584675957596,9.81,1,-4.238584675957596,0.1650391603371232
0.546,1,-1.529575479395805,-4.241725866946884,9.81,1,-4.241725866946884,0.1565588050617944
0.548,1,-1.447287297418399,-4.244702654763771,9.81,1,-4.244702654763771,0.1480723329708653
0.55,1,-1.364838662387986,-4.247514714569665,9.81,1,-4.247514714569665,0.1395800737338392
0.552,1,-1.282238526509721,-4.250161740403184,9.81,1,-4.250161740403184,0.1310823577561772
0.554,1,-1.199495894145807,-4.252643445398602,9.81,1,-4.252643445398602,0.1225795161518198
0.556,1,-1.116619818933748,-4.254959562004281,9.81,1,-4.254959562004281,0.1140718807157073
0.558,1,-1.033619266306335,-4.257109698057421,9.81,1,-4.257109698057421,0.1055597701018793
0.56,1,-0.9505034398175066,-4.259093690007983,9.81,1,-4.259093690007983,0.09704352357830766
0.562,1,-0.8672815290322224,-4.260911335774397,9.81,1,-4.260911335774397,0.08852347541304166
0.564,1,-0.7839627435536961,-4.262562434770469,9.81,1,-4.262562434770469,0.07999995865636549
0.566,1,-0.7005563263835755,-4.264046805667494,9.81,1,-4.264046805667494,0.07147330679223092
0.568,1,-0.6170715508572059,-4.265364286567035,9.81,1,-4.265364286567035,0.06294385370641353
0.57,1,-0.5335177175612573,-4.266514735173722,9.81,1,-4.266514735173722,0.05441193365466399
0.572,1,-0.4499041512355012,-4.267498028968045,9.81,1,-4.267498028968045,0.04587788123086163
0.574,1,-0.3662401976604483,-4.26831406537914,9.81,1,-4.26831406537914,0.0373420313351678
0.576,1,-0.2825352205325911,-4.268962761957593,9.81,1,-4.268962761957593,0.02880471914217907
0.578,1,-0.1987985983290065,-4.269444056548215,9.81,1,-4.269444056548215,0.02026628006908031
0.58,1,-0.1150396405854005,-4.269757759212657,9.81,1,-4.269757759212657,0.01172704152940198
0.582,1,-0.03126775932168728,-4.26990387362292,9.81,1,-4.26990387362292,0.003187340699695338
0.584,1,0.05250762376099939,-4.26988243220804,9.81,1,-4.26988243220804,-0.00535248465624818
0.586,1,0.1362771110307847,-4.269693440065419,9.81,1,-4.269693440065419,-0.01389209933663473
0.588,1,0.220031306612114,-4.26933692199845,9.81,1,-4.26933692199845,-0.02243116813678116
0.59,1,0.303760819572199,-4.268812922631271,9.81,1,-4.268812922631271,-0.03096935588417778
0.592,1,0.3874562671047567,-4.268121506523507,9.81,1,-4.268121506523507,-0.03950632747355116
0.594,1,0.4711082777092079,-4.267262758285032,9.81,1,-4.267262758285032,-0.04804174790192701
0.596,1,0.554707494363515,-4.26623678269071,9.81,1,-4.26623678269071,-0.05657528230369287
0.598,1,0.6382445776888406,-4.265043704795151,9.81,1,-4.265043704795151,-0.065106595985661
0.6,1,0.721710209104215,-4.263683670047461,9.81,1,-4.263683670047461,-0.07363535446213118
0.602,1,0.8050951294385259,-4.262156712622004,9.81,1,-4.262156712622004,-0.08216122711779958
0.604,1,0.8883900802426254,-4.260462984895154,9.81,1,-4.260462984895154,-0.09068388092877595
0.606,1,0.9715858067413756,-4.258602758463097,9.81,1,-4.258602758463097,-0.09920298047278807
0.608,1,1.054673109495587,-4.256576243786129,9.81,1,-4.256576243786129,-0.1077181929323656
0.61,1,1.137642825838929,-4.254383670636799,9.81,1,-4.254383670636799,-0.1162291859184277
0.612,1,1.220485832947384,-4.252025288148067,9.81,1,-4.252025288148067,-0.1247356275071779
0.614,1,1.303193050885766,-4.249501364861485,9.81,1,-4.249501364861485,-0.1332371862770006
0.616,1,1.385755445629597,-4.24681218877536,9.81,1,-4.24681218877536,-0.1417335313453564
0.618,1,1.468164032060621,-4.24395806739292,9.81,1,-4.24395806739292,-0.1502243324056777
0.62,1,1.550409876934287,-4.240939327770495,9.81,1,-4.240939327770495,-0.1587092597642644
0.622,1,1.632484101817525,-4.237756316565682,9.81,1,-4.237756316565682,-0.1671879843771797
0.624,1,1.714377890134064,-4.234409299501609,9.81,1,-4.234409299501609,-0.175660178315643
0.626,1,1.796082485787183,-4.230898564102186,9.81,1,-4.230898564102186,-0.1841255143654678
0.628,1,1.87758918817035,-4.227224610533593,9.81,1,-4.227224610533593,-0.1925836652511613
0.63,1,1.958889367553974,-4.223387845911147,9.81,1,-4.223387845911147,-0.2010343049753059
0.632,1,2.03997446327095,-4.219388695456252,9.81,1,-4.219388695456252,-0.2094771083821216
0.634,1,2.120835986444559,-4.21522760247437,9.81,1,-4.21522760247437,-0.21791175119466
0.636,1,2.201465522675715,-4.210905028332951,9.81,1,-4.210905028332951,-0.226337910052
0.638,1,2.281854734688114,-4.206421452439417,9.81,1,-4.206421452439417,-0.2347552625464419
0.64,1,2.361995364929899,-4.201777372219088,9.81,1,-4.201777372219088,-0.2431634872607027
0.642,1,2.441879238130466,-4.196973303093162,9.81,1,-4.196973303093162,-0.2515622638051106
0.644,1,2.521498263811098,-4.192009778456653,9.81,1,-4.192009778456653,-0.2599512728547997
0.646,1,2.60084442782255,-4.18688728709,9.81,1,-4.18688728709,-0.2683301950318531
0.648,1,2.679909789922801,-4.181606244641949,9.81,1,-4.181606244641949,-0.2766987104164419
0.65,1,2.75868654912783,-4.17616735488034,9.81,1,-4.17616735488034,-0.2850565052535661
0.652,1,2.837166975327755,-4.170571205134159,9.81,1,-4.170571205134159,-0.2934032645220139
0.654,1,2.915343434768233,-4.164818398911864,9.81,1,-4.164818398911864,-0.3017386744202626
0.656,1,2.993208392252231,-4.158909555810815,9.81,1,-4.158909555810815,-0.3100624224024088
0.658,1,3.070754413287868,-4.152845311426709,9.81,1,-4.152845311426709,-0.3183741972140971
0.66,1,3.147974166181319,-4.146626317263007,9.81,1,-4.146626317263007,-0.3266736889284508
0.662,1,3.22486042407384,-4.140253240640357,9.81,1,-4.140253240640357,-0.334960588982001
0.664,1,3.301406066921995,-4.13372676460603,9.81,1,-4.13372676460603,-0.3432345902106171
0.666,1,3.37760408342021,-4.127047587843348,9.81,1,-4.127047587843348,-0.3514953868854354
0.668,1,3.453447562329643,-4.120216398638146,9.81,1,-4.120216398638146,-0.3597426736014183
0.67,1,3.528929639637628,-4.113233739394012,9.81,1,-4.113233739394012,-0.3679761393252438
0.672,1,3.604043692756941,-4.1061004808687,9.81,1,-4.1061004808687,-0.3761954884091554
0.674,1,3.678783157401652,-4.09881736761806,9.81,1,-4.09881736761806,-0.3844004205273812
0.676,1,3.753141586237261,-4.091385157872828,9.81,1,-4.091385157872828,-0.3925906369023573
0.678,1,3.827112650430833,-4.083804623386295,9.81,1,-4.083804623386295,-0.400765840337927
0.68,1,3.900690141139622,-4.076076549281995,9.81,1,-4.076076549281995,-0.4089257352525394
0.682,1,3.973867970937712,-4.068201733901396,9.81,1,-4.068201733901396,-0.4170700277124492
0.684,1,4.046640175180198,-4.060180988651574,9.81,1,-4.060180988651574,-0.4251984254649149
0.686,1,4.119000913304532,-4.052015137852908,9.81,1,-4.052015137852908,-0.433310637971398
0.688,1,4.190944470068682,-4.043705018586757,9.81,1,-4.043705018586757,-0.441406376440762
0.69,1,4.26246525672578,-4.035251480543153,9.81,1,-4.035251480543153,-0.4494853538624724
0.692,1,4.333557684431104,-4.026655201555427,9.81,1,-4.026655201555427,-0.4575472705295233
0.694,1,4.404216499470256,-4.017917168005472,9.81,1,-4.017917168005472,-0.4655918519041203
0.696,1,4.474436492481463,-4.009038256106929,9.81,1,-4.009038256106929,-0.4736188156988778
0.698,1,4.544212582325764,-4.000019350470755,9.81,1,-4.000019350470755,-0.4816278812562286
0.7,1,4.613539818578317,-3.990861346273959,9.81,1,-3.990861346273959,-0.4896187697643495
0.702,1,4.682413382306983,-3.981565149056611,9.81,1,-3.981565149056611,-0.4975912042863711
0.704,1,4.750828586787886,-3.972131674518845,9.81,1,-3.972131674518845,-0.5055449097895874
0.706,1,4.818780878158046,-3.962561848317883,9.81,1,-3.962561848317883,-0.5134796131746661
0.708,1,4.886265836005143,-3.952856605865036,9.81,1,-3.952856605865036,-0.521395043304857
0.71,1,4.95327917389459,-3.943016892122726,9.81,1,-3.943016892122726,-0.5292909310352035
0.712,1,5.019816739834047,-3.933043661401486,9.81,1,-3.933043661401486,-0.5371670092417503
0.714,1,5.08587439131984,-3.922937767077185,9.81,1,-3.922937767077185,-0.54502299790731
0.716,1,5.151448296917702,-3.912700224545751,9.81,1,-3.912700224545751,-0.5528586398745995
0.718,1,5.216534721159423,-3.90233202372841,9.81,1,-3.90233202372841,-0.5606736754504026
0.72,1,5.281130043046755,-3.891834144338441,9.81,1,-3.891834144338441,-0.5684678445348117
0.722,1,5.345230776632296,-3.881207573503505,9.81,1,-3.881207573503505,-0.5762408890702416
0.724,1,5.408833571104594,-3.870453305526093,9.81,1,-3.870453305526093,-0.5839925530656779
0.726,1,5.471935210814753,-3.859572341643986,9.81,1,-3.859572341643986,-0.5917225826209231
0.728,1,5.534532615245025,-3.848565689790709,9.81,1,-3.848565689790709,-0.5994307259508441
0.73,1,5.596622838919904,-3.83743436435598,9.81,1,-3.83743436435598,-0.6071167334096182
0.732,1,5.65820307126027,-3.826179385946167,9.81,1,-3.826179385946167,-0.6147803575149809
0.734,1,5.719270636381155,-3.814801781144745,9.81,1,-3.814801781144745,-0.6224213529724725
0.736,1,5.779822885598929,-3.803302531796042,9.81,1,-3.803302531796042,-0.6300394631710782
0.738,1,5.839857422072395,-3.791682679834271,9.81,1,-3.791682679834271,-0.6376344483676226
0.74,1,5.899372002934464,-3.779943282157945,9.81,1,-3.779943282157945,-0.6452060736808054
0.742,1,5.958364477404896,-3.768085381243509,9.81,1,-3.768085381243509,-0.6527541013036049
0.744,1,6.016832826764509,-3.756110023824424,9.81,1,-3.756110023824424,-0.6602782955980389
0.746,1,6.074775163820629,-3.744018260630717,9.81,1,-3.744018260630717,-0.6677784231138074
0.748,1,6.132189732322916,-3.731811146128523,9.81,1,-3.731811146128523,-0.6752542526069371
0.75,1,6.18907490633028,-3.719489738259638,9.81,1,-3.719489738259638,-0.682705555058424
0.752,1,6.245429189529726,-3.70705509818106,9.81,1,-3.70705509818106,-0.6901321036928767
0.754,1,6.301251214507996,-3.694508290004539,9.81,1,-3.694508290004539,-0.6975336739971613
0.756,1,6.356539741976769,-3.681850380536126,9.81,1,-3.681850380536126,-0.7049100437390432
0.758,1,6.411293579155341,-3.669082429293079,9.81,1,-3.669082429293079,-0.7122609821041554
0.76,1,6.465511710270871,-3.656205503841413,9.81,1,-3.656205503841413,-0.7195862671720857
0.762,1,6.519193323190651,-3.643220683079211,9.81,1,-3.643220683079211,-0.7268856899012397
0.764,1,6.5723376723931,-3.630129040588589,9.81,1,-3.630129040588589,-0.7341590358063348
0.766,1,6.624944135193154,-3.616931651212906,9.81,1,-3.616931651212906,-0.741406092629818
0.768,1,6.677012210703195,-3.603629590791035,9.81,1,-3.603629590791035,-0.7486266503546137
0.77,1,6.728541518755901,-3.590223935891649,9.81,1,-3.590223935891649,-0.7558205012168745
0.772,1,6.779531798789969,-3.576715763547497,9.81,1,-3.576715763547497,-0.7629874397187292
0.774,1,6.829982908699681,-3.563106150989691,9.81,1,-3.563106150989691,-0.770127262641034
0.776,1,6.879894823649283,-3.549396175381985,9.81,1,-3.549396175381985,-0.7772397690561211
0.778,1,6.929267634853172,-3.53558691355505,9.81,1,-3.53558691355505,-0.7843247603405479
0.78,1,6.978101495656123,-3.521679453497978,9.81,1,-3.521679453497978,-0.7913820325495415
0.782,1,7.026396662350557,-3.507674885048786,9.81,1,-3.507674885048786,-0.7984113823052157
0.784,1,7.074153626098156,-3.493574269554431,9.81,1,-3.493574269554431,-0.8054126263476468
0.786,1,7.121372920439804,-3.479378682211204,9.81,1,-3.479378682211204,-0.8123855738677388
0.788,1,7.168055187731784,-3.465089196775977,9.81,1,-3.465089196775977,-0.8193300362799721
0.79,1,7.214201177740005,-3.450706885309494,9.81,1,-3.450706885309494,-0.8262458272293064
0.792,1,7.259811746208835,-3.436232817919652,9.81,1,-3.436232817919652,-0.833132762598079
0.794,1,7.304887853405559,-3.421668062504779,9.81,1,-3.421668062504779,-0.8399906605129075
0.796,1,7.349430562641461,-3.407013684496926,9.81,1,-3.407013684496926,-0.8468193413515902
0.798,1,7.393441038770529,-3.392270746605144,9.81,1,-3.392270746605144,-0.8536186277500066
0.8,1,7.436920546666754,-3.377440308558769,9.81,1,-3.377440308558769,-0.860388344609019
0.802,1,7.479870421951786,-3.362523443406123,9.81,1,-3.362523443406123,-0.8671283147326695
0.804,1,7.522292041069389,-3.347521254988625,9.81,1,-3.347521254988625,-0.8738383541562064
0.806,1,7.564187023675896,-3.332434755326256,9.81,1,-3.332434755326256,-0.8805183044412072
0.808,1,7.605557011504368,-3.317264995049803,9.81,1,-3.317264995049803,-0.8871679981958051
0.81,1,7.646403737865733,-3.302013021039128,9.81,1,-3.302013021039128,-0.8937872701924129
0.812,1,7.686729026018992,-3.286679876187332,9.81,1,-3.286679876187332,-0.9003759573691152
0.814,1,7.726534787528426,-3.271266599164911,9.81,1,-3.271266599164911,-0.9069338988310583
0.816,1,7.765823020608766,-3.255774224183919,9.81,1,-3.255774224183919,-0.9134609358518447
0.818,1,7.804595808459179,-3.240203780762132,9.81,1,-3.240203780762132,-0.9199569118749206
0.82,1,7.84285531758708,-3.224556293487209,9.81,1,-3.224556293487209,-0.9264216725149705
0.822,1,7.880603796122593,-3.20883278178085,9.81,1,-3.20883278178085,-0.9328550655593073
0.824,1,7.917843563363188,-3.193034268777603,9.81,1,-3.193034268777603,-0.9392569394565149
0.826,1,7.954576934671826,-3.177161858522464,9.81,1,-3.177161858522464,-0.9456271304662779
0.828,1,7.990806454860179,-3.161216490663102,9.81,1,-3.161216490663102,-0.9519655033351518
0.83,1,8.026534675502717,-3.145199169171299,9.81,1,-3.145199169171299,-0.9582719132981121
0.832,1,8.061764220838532,-3.129110892399479,9.81,1,-3.129110892399479,-0.9645462176492607
0.834,1,8.09649778605035,-3.11295265287462,9.81,1,-3.11295265287462,-0.9707882757382813
0.836,1,8.130738135541492,-3.096725437092172,9.81,1,-3.096725437092172,-0.9769979489668909
0.838,1,8.164488101211591,-3.080430225309969,9.81,1,-3.080430225309969,-0.9831751007852931
0.84,1,8.197750580731828,-3.064067991342147,9.81,1,-3.064067991342147,-0.9893195966886331
0.842,1,8.230528535820453,-3.047639702353058,9.81,1,-3.047639702353058,-0.9954313042134486
0.844,1,8.262824990519315,-3.031146318651186,9.81,1,-3.031146318651186,-1.001510092934125
0.846,1,8.294643029472159,-3.014588793483062,9.81,1,-3.014588793483062,-1.007555834459348
0.848,1,8.325985720170344,-2.997968196307817,9.81,1,-2.997968196307817,-1.013568387772261
0.85,1,8.356856307793919,-2.981285396277638,9.81,1,-2.981285396277638,-1.019547636771132
0.852,1,8.387258047382302,-2.964541327632836,9.81,1,-2.964541327632836,-1.025493458740794
0.854,1,8.417194244009112,-2.947736923062735,9.81,1,-2.947736923062735,-1.031405732234236
0.856,1,8.446668254487046,-2.930873108058756,9.81,1,-2.930873108058756,-1.037284337714844
0.858,1,8.475683485675004,-2.913950800743768,9.81,1,-2.913950800743768,-1.043129157548653
0.86,1,8.504243392792562,-2.896970911701428,9.81,1,-2.896970911701428,-1.04894007599659
0.862,1,8.532351477742433,-2.879934343805532,9.81,1,-2.879934343805532,-1.054716979206725
0.864,1,8.56001128744146,-2.862841992049362,9.81,1,-2.862841992049362,-1.060459755206517
0.866,1,8.587226412160689,-2.845694743375028,9.81,1,-2.845694743375028,-1.066168293895063
0.868,1,8.614000483875063,-2.828493476502822,9.81,1,-2.828493476502822,-1.071842487035345
0.87,1,8.640337129606438,-2.811239170851865,9.81,1,-2.811239170851865,-1.077482218556067
0.872,1,8.666240075809913,-2.793932652500812,9.81,1,-2.793932652500812,-1.083087387094659
0.874,1,8.691713075990053,-2.776574761425881,9.81,1,-2.776574761425881,-1.088657891118874
0.876,1,8.716759909279025,-2.759166352090733,9.81,1,-2.759166352090733,-1.094193628851477
0.878,1,8.741384388216078,-2.741708270839259,9.81,1,-2.741708270839259,-1.099694500255497
0.88,1,8.765590357168865,-2.724201355762978,9.81,1,-2.724201355762978,-1.105160407023096
0.882,1,8.789381690768328,-2.706646436568465,9.81,1,-2.706646436568465,-1.110591252564435
0.884,1,8.81276229235756,-2.689044334444747,9.81,1,-2.689044334444747,-1.115986941996538
0.886,1,8.835736092454976,-2.671395861930721,9.81,1,-2.671395861930721,-1.121347382132162
0.888,1,8.85830704723217,-2.653701822782567,9.81,1,-2.653701822782567,-1.126672481468663
0.89,1,8.880479137006811,-2.635963011841153,9.81,1,-2.635963011841153,-1.131962150176862
0.892,1,8.902256341030313,-2.618180301539546,9.81,1,-2.618180301539546,-1.137216294334457
0.894,1,8.92364268395413,-2.600354469604861,9.81,1,-2.600354469604861,-1.142434827351756
0.896,1,8.944642218174048,-2.58248625448326,9.81,1,-2.58248625448326,-1.147617666269877
0.898,1,8.965259003667343,-2.564576424227787,9.81,1,-2.564576424227787,-1.152764727164632
0.9,1,8.985497117128391,-2.546625738262938,9.81,1,-2.546625738262938,-1.157875927666544
0.902,1,9.005360650560752,-2.528634947290131,9.81,1,-2.528634947290131,-1.162951186947181
0.904,1,9.024853709886663,-2.510604793193178,9.81,1,-2.510604793193178,-1.167990425705501
0.906,1,9.043980413574088,-2.492536008943769,9.81,1,-2.492536008943769,-1.172993566154181
0.908,1,9.062744891281525,-2.474429318506941,9.81,1,-2.474429318506941,-1.177960532005965
0.91,1,9.081151282520757,-2.456285436746559,9.81,1,-2.456285436746559,-1.182891248459993
0.912,1,9.099203735337669,-2.438105069330788,9.81,1,-2.438105069330788,-1.187785642188144
0.914,1,9.116906394452668,-2.419888974366221,9.81,1,-2.419888974366221,-1.192643638406143
0.916,1,9.134263415735095,-2.401637872846535,9.81,1,-2.401637872846535,-1.197465165084634
0.918,1,9.151278972598247,-2.383352400908945,9.81,1,-2.383352400908945,-1.202250155185815
0.92,1,9.167957233159752,-2.365033236009607,9.81,1,-2.365033236009607,-1.206998540686488
0.922,1,9.184302367679651,-2.346681046829194,9.81,1,-2.346681046829194,-1.211710254925717
0.924,1,9.200318547354321,-2.328296493214373,9.81,1,-2.328296493214373,-1.216385232589465
0.926,1,9.216009943129476,-2.309880226119283,9.81,1,-2.309880226119283,-1.221023409695231
0.928,1,9.231380724532251,-2.291432887547001,9.81,1,-2.291432887547001,-1.225624723576695
0.93,1,9.246435058522435,-2.272955110491032,9.81,1,-2.272955110491032,-1.230189112868344
0.932,1,9.26117710836286,-2.254447518876768,9.81,1,-2.254447518876768,-1.234716517490122
0.934,1,9.275611032508959,-2.235910727502973,9.81,1,-2.235910727502973,-1.239206878632058
0.936,1,9.289740980036953,-2.217345380351999,9.81,1,-2.217345380351999,-1.24366013763478
0.938,1,9.303571091405725,-2.198752132578145,9.81,1,-2.198752132578145,-1.24807623649078
0.94,1,9.317105508875068,-2.180131521941636,9.81,1,-2.180131521941636,-1.2524551215271
0.942,1,9.330348360374529,-2.161484134620614,9.81,1,-2.161484134620614,-1.256796738616731
0.944,1,9.343303763728885,-2.142810548174882,9.81,1,-2.142810548174882,-1.261101034802899
0.946,1,9.355975825663364,-2.124111331519872,9.81,1,-2.124111331519872,-1.265367958282762
0.948,1,9.368368640827907,-2.105387044900602,9.81,1,-2.105387044900602,-1.269597458391113
0.95,1,9.380486290840413,-2.086638239865645,9.81,1,-2.086638239865645,-1.273789485584085
0.952,1,9.392332843348861,-2.067865459241083,9.81,1,-2.067865459241083,-1.277943991422857
0.954,1,9.403912351112201,-2.049069237104475,9.81,1,-2.049069237104475,-1.282060928557349
0.956,1,9.415228851099959,-2.030250098758815,9.81,1,-2.030250098758815,-1.286140250709931
0.958,1,9.426286363136821,-2.01140857967109,9.81,1,-2.01140857967109,-1.290181912484821
0.96,1,9.437088888187951,-1.99254526135561,9.81,1,-1.99254526135561,-1.294185869021738
0.962,1,9.447640412005455,-1.973660590221456,9.81,1,-1.973660590221456,-1.298152077644358
0.964,1,9.457944899633857,-1.954755063445707,9.81,1,-1.954755063445707,-1.3020804961354
0.966,1,9.468006296095078,-1.935829169989828,9.81,1,-1.935829169989828,-1.30597108326221
0.968,1,9.477828525597825,-1.916883390601752,9.81,1,-1.916883390601752,-1.30982379876021
0.97,1,9.487415490764732,-1.897918197817969,9.81,1,-1.897918197817969,-1.313638603316341
0.972,1,9.496771071877131,-1.878934055965604,9.81,1,-1.878934055965604,-1.317415458552506
0.974,1,9.505899126137257,-1.859931421164504,9.81,1,-1.859931421164504,-1.321154327009017
0.976,1,9.514803486947743,-1.840910741329319,9.81,1,-1.840910741329319,-1.324855172128036
0.978,1,9.523487963208202,-1.821872456171588,9.81,1,-1.821872456171588,-1.328517958237024
0.98,1,9.531956338770868,-1.802817001744184,9.81,1,-1.802817001744184,-1.33214265059348
0.982,1,9.540212373931237,-1.783744880850457,9.81,1,-1.783744880850457,-1.335729216318523
0.984,1,9.548259798355753,-1.764656457361114,9.81,1,-1.764656457361114,-1.33927762160464
0.986,1,9.556102316367594,-1.745552144136161,9.81,1,-1.745552144136161,-1.342787834235083
0.988,1,9.563743604526746,-1.726432346413325,9.81,1,-1.726432346413325,-1.346259822803321
0.99,1,9.571187311024818,-1.707297461833547,9.81,1,-1.707297461833547,-1.349693556696802
0.992,1,9.578437055095581,-1.688147880466491,9.81,1,-1.688147880466491,-1.353089006080713
0.994,1,9.585496426440953,-1.668983984836039,9.81,1,-1.668983984836039,-1.356446141881736
0.996,1,9.592368984672273,-1.649806149945797,9.81,1,-1.649806149945797,-1.359764935771816
0.998,1,9.599058258766615,-1.630614743304594,9.81,1,-1.630614743304594,-1.363045360151914
1,1,9.605567746537933,-1.611410124951984,9.81,1,-1.611410124951984,-1.366287388135775
1,1,9.605567746537933,-1.611410124951984,9.81,1,-1.611410124951984,-1.366287388135775
