"time","Dcontrol","Pcontrol","error","waterLevel"
0,-0.07272727272727274,0.8,0.8,0.2
0.002,-0.07259516144090207,0.7985467758499227,0.7985467758499227,0.2014532241500773
0.004,-0.07246329002229372,0.7970961902452308,0.7970961902452308,0.2029038097547692
0.006,-0.07233165797241763,0.7956482376965939,0.7956482376965939,0.2043517623034061
0.008,-0.07220026458728267,0.7942029104601094,0.7942029104601094,0.2057970895398906
0.01,-0.07206910932627796,0.7927602025890575,0.7927602025890575,0.2072397974109425
0.012,-0.07193819244239151,0.7913201168663067,0.7913201168663067,0.2086798831336934
0.014,-0.07180751304992813,0.7898826435492095,0.7898826435492095,0.2101173564507905
0.016,-0.07167706800535378,0.7884477480588916,0.7884477480588916,0.2115522519411084
0.018,-0.07154685931663632,0.7870154524829994,0.7870154524829994,0.2129845475170005
0.02,-0.07141688698377574,0.7855857568215331,0.7855857568215331,0.2144142431784669
0.022,-0.07128715100677205,0.7841586610744925,0.7841586610744925,0.2158413389255075
0.024,-0.07115765138562523,0.7827341652418776,0.7827341652418776,0.2172658347581224
0.026,-0.07102838812033532,0.7813122693236885,0.7813122693236885,0.2186877306763115
0.028,-0.07089935777405101,0.7798929355145611,0.7798929355145611,0.2201070644854389
0.03,-0.07077055865797661,0.7784761452377427,0.7784761452377427,0.2215238547622573
0.032,-0.07064199393514936,0.777061933286643,0.777061933286643,0.222938066713357
0.034,-0.07051366360556927,0.775650299661262,0.775650299661262,0.224349700338738
0.036,-0.07038556766923636,0.7742412443615998,0.7742412443615998,0.2257587556384002
0.038,-0.07025770612615058,0.7728347673876563,0.7728347673876563,0.2271652326123437
0.04,-0.07013007897631196,0.7714308687394316,0.7714308687394316,0.2285691312605685
0.042,-0.070002678837346,0.7700294672108059,0.7700294672108059,0.2299705327891941
0.044,-0.06987550794767541,0.7686305874244295,0.7686305874244295,0.2313694125755706
0.046,-0.06974856873074717,0.7672342560382188,0.7672342560382188,0.2327657439617812
0.048,-0.0696218611865613,0.7658404730521743,0.7658404730521743,0.2341595269478257
0.05,-0.06949538531511779,0.7644492384662956,0.7644492384662956,0.2355507615337043
0.052,-0.06936914111641664,0.763060552280583,0.763060552280583,0.236939447719417
0.054,-0.06924312859045785,0.7616744144950364,0.7616744144950364,0.2383255855049636
0.056,-0.06911733734843727,0.7602907108328099,0.7602907108328099,0.2397092891671901
0.058,-0.06899177468679915,0.7589095215547906,0.7589095215547906,0.2410904784452094
0.06,-0.06886644091599474,0.7575308500759422,0.7575308500759422,0.2424691499240578
0.062,-0.06874133603602407,0.7561546963962648,0.7561546963962648,0.2438453036037353
0.064,-0.06861646004688711,0.7547810605157581,0.7547810605157581,0.2452189394842419
0.066,-0.06849181294858386,0.7534099424344225,0.7534099424344225,0.2465900575655776
0.068,-0.06836739349523685,0.7520413284476053,0.7520413284476053,0.2479586715523947
0.07,-0.06824319656190703,0.7506751621809773,0.7506751621809773,0.2493248378190227
0.072,-0.06811922553104194,0.7493114808414613,0.7493114808414613,0.2506885191585387
0.074,-0.06799548002753934,0.7479502803029328,0.7479502803029328,0.2520497196970672
0.076,-0.06787195967629706,0.7465915564392676,0.7465915564392676,0.2534084435607325
0.078,-0.06774866410221284,0.7452353051243412,0.7452353051243412,0.2547646948756588
0.08,-0.0676255929301845,0.7438815222320294,0.7438815222320294,0.2561184777679706
0.082,-0.0675027457851098,0.7425302036362077,0.7425302036362077,0.2574697963637923
0.084,-0.06738012229188653,0.7411813452107519,0.7411813452107519,0.2588186547892481
0.086,-0.06725772207541252,0.7398349428295377,0.7398349428295377,0.2601650571704623
0.088,-0.06713554476058552,0.7384909923664406,0.7384909923664406,0.2615090076335594
0.09,-0.06701358997230332,0.7371494896953363,0.7371494896953363,0.2628505103046636
0.092,-0.0668918573354637,0.7358104306901005,0.7358104306901005,0.2641895693098994
0.094,-0.06677034647496446,0.734473811224609,0.734473811224609,0.265526188775391
0.096,-0.06664905588910952,0.7331396147802047,0.7331396147802047,0.2668603852197953
0.098,-0.06652798549243659,0.7318078404168025,0.7318078404168025,0.2681921595831975
0.1,-0.06640713532175156,0.730478488539267,0.730478488539267,0.269521511460733
0.102,-0.06628650496914433,0.7291515546605876,0.7291515546605876,0.2708484453394124
0.104,-0.06616609402670486,0.7278270342937535,0.7278270342937535,0.2721729657062465
0.106,-0.0660459020865231,0.726504922951754,0.726504922951754,0.273495077048246
0.108,-0.06592592874068895,0.7251852161475784,0.7251852161475784,0.2748147838524216
0.11,-0.06580617358129234,0.7238679093942157,0.7238679093942157,0.2761320906057843
0.112,-0.06568663620042323,0.7225529982046555,0.7225529982046555,0.2774470017953446
0.114,-0.06556731619017152,0.7212404780918867,0.7212404780918867,0.2787595219081133
0.116,-0.06544821314262718,0.7199303445688989,0.7199303445688989,0.2800696554311011
0.118,-0.0653293266498801,0.7186225931486812,0.7186225931486812,0.2813774068513188
0.12,-0.06521065630402027,0.717317219344223,0.717317219344223,0.2826827806557771
0.122,-0.06509220162647249,0.7160142178911972,0.7160142178911972,0.2839857821088027
0.124,-0.064973961893009,0.7147135808230989,0.7147135808230989,0.2852864191769011
0.126,-0.06485593698705025,0.7134153068575526,0.7134153068575526,0.2865846931424473
0.128,-0.06473812649417549,0.7121193914359304,0.7121193914359304,0.2878806085640696
0.13,-0.064620529999964,0.710825829999604,0.710825829999604,0.2891741700003961
0.132,-0.06450314708999502,0.7095346179899452,0.7095346179899452,0.2904653820100548
0.134,-0.06438597734984783,0.7082457508483261,0.7082457508483261,0.2917542491516739
0.136,-0.06426902036510167,0.7069592240161184,0.7069592240161184,0.2930407759838816
0.138,-0.06415227572133582,0.7056750329346939,0.7056750329346939,0.294324967065306
0.14,-0.06403574300412952,0.7043931730454247,0.7043931730454247,0.2956068269545752
0.142,-0.06391942179906206,0.7031136397896826,0.7031136397896826,0.2968863602103174
0.144,-0.06380331169171265,0.7018364286088392,0.7018364286088392,0.2981635713911608
0.146,-0.0636874122676606,0.7005615349442667,0.7005615349442667,0.2994384650557333
0.148,-0.06357172311248514,0.6992889542373366,0.6992889542373366,0.3007110457626633
0.15,-0.06345624447283381,0.6980186892011718,0.6980186892011718,0.3019813107988282
0.152,-0.06334097579870115,0.6967507337857126,0.6967507337857126,0.3032492662142873
0.154,-0.06322591638321791,0.6954850802153969,0.6954850802153969,0.3045149197846031
0.156,-0.06311106582731997,0.6942217241005197,0.6942217241005197,0.3057782758994802
0.158,-0.06299642373194336,0.692960661051377,0.692960661051377,0.307039338948623
0.16,-0.062881989698024,0.691701886678264,0.691701886678264,0.3082981133217359
0.162,-0.06276776332649787,0.6904453965914765,0.6904453965914765,0.3095546034085234
0.164,-0.06265374421830092,0.6891911864013101,0.6891911864013101,0.3108088135986899
0.166,-0.06253993197436908,0.6879392517180599,0.6879392517180599,0.3120607482819401
0.168,-0.06242632619563835,0.6866895881520219,0.6866895881520219,0.3133104118479782
0.17,-0.06231292648304465,0.6854421913134912,0.6854421913134912,0.3145578086865088
0.172,-0.06219973243752397,0.6841970568127637,0.6841970568127637,0.3158029431872363
0.174,-0.06208674366001225,0.6829541802601347,0.6829541802601347,0.3170458197398653
0.176,-0.06197395994452114,0.6817135593897325,0.6817135593897325,0.3182864406102674
0.178,-0.06186138204897277,0.6804752025387004,0.6804752025387004,0.3195247974612995
0.18,-0.06174900854822762,0.6792390940305038,0.6792390940305038,0.3207609059694962
0.182,-0.06163683906532468,0.6780052297185715,0.6780052297185715,0.3219947702814286
0.184,-0.06152487322330291,0.676773605456332,0.676773605456332,0.323226394543668
0.186,-0.06141311064520132,0.6755442170972145,0.6755442170972145,0.3244557829027855
0.188,-0.06130155095405887,0.6743170604946476,0.6743170604946476,0.3256829395053525
0.19,-0.06119019377291454,0.6730921315020599,0.6730921315020599,0.32690786849794
0.192,-0.06107903872480733,0.6718694259728806,0.6718694259728806,0.3281305740271194
0.194,-0.0609680854327762,0.6706489397605382,0.6706489397605382,0.3293510602394618
0.196,-0.06085733351986016,0.6694306687184617,0.6694306687184617,0.3305693312815384
0.198,-0.06074678260909815,0.6682146087000795,0.6682146087000795,0.3317853912999205
0.2,-0.06063643232352916,0.6670007555588207,0.6670007555588207,0.3329992444411793
0.202,-0.0605262822861922,0.6657891051481141,0.6657891051481141,0.3342108948518859
0.204,-0.06041633268111908,0.6645796594923098,0.6645796594923098,0.3354203405076902
0.206,-0.06030658310682142,0.6633724141750357,0.6633724141750357,0.3366275858249644
0.208,-0.06019703292009085,0.6621673621209994,0.6621673621209994,0.3378326378790006
0.21,-0.06008768177395786,0.6609644995135364,0.6609644995135364,0.3390355004864635
0.212,-0.05997852932279185,0.6597638225507103,0.6597638225507103,0.3402361774492897
0.214,-0.05986957522230118,0.6585653274453128,0.6585653274453128,0.3414346725546872
0.216,-0.05976081912953309,0.657369010424864,0.657369010424864,0.3426309895751361
0.218,-0.05965226070287381,0.6561748677316119,0.6561748677316119,0.3438251322683881
0.22,-0.05954389960204846,0.654982895622533,0.654982895622533,0.345017104377467
0.222,-0.05943573548812112,0.6537930903693322,0.6537930903693322,0.3462069096306678
0.224,-0.05932776802349476,0.6526054482584422,0.6526054482584422,0.3473945517415578
0.226,-0.0592199968719113,0.6514199655910242,0.6514199655910242,0.3485800344089758
0.228,-0.05911242169845161,0.6502366386829677,0.6502366386829677,0.3497633613170324
0.23,-0.05900504210664862,0.6490554631731349,0.6490554631731349,0.3509445368268651
0.232,-0.05889785721482808,0.6478764293631087,0.6478764293631087,0.3521235706368913
0.234,-0.0587908671265747,0.6466995383923217,0.6466995383923217,0.3533004616076783
0.236,-0.05868407149191159,0.6455247864110274,0.6455247864110274,0.3544752135889725
0.238,-0.05857746996126782,0.6443521695739459,0.6443521695739459,0.3556478304260541
0.24,-0.05847106218547857,0.6431816840402642,0.6431816840402642,0.3568183159597357
0.242,-0.05836484781578512,0.6420133259736363,0.6420133259736363,0.3579866740263638
0.244,-0.05825882650383477,0.6408470915421824,0.6408470915421824,0.3591529084578175
0.246,-0.05815299790168095,0.6396829769184904,0.6396829769184904,0.3603170230815096
0.248,-0.05804736166178313,0.6385209782796144,0.6385209782796144,0.3614790217203856
0.25,-0.05794191743700686,0.6373610918070753,0.6373610918070753,0.3626389081929247
0.252,-0.05783666488062375,0.6362033136868611,0.6362033136868611,0.3637966863131389
0.254,-0.05773160364631148,0.6350476401094263,0.6350476401094263,0.3649523598905737
0.256,-0.05762673338815384,0.6338940672696922,0.6338940672696922,0.3661059327303077
0.258,-0.05752205358337133,0.6327425894170846,0.6327425894170846,0.3672574105829153
0.26,-0.05741756387614416,0.6315932026375857,0.6315932026375857,0.3684067973624144
0.262,-0.0573132640194478,0.6304459042139258,0.6304459042139258,0.3695540957860742
0.264,-0.05720915365894511,0.6293006902483962,0.6293006902483962,0.3706993097516038
0.266,-0.05710523244025584,0.6281575568428142,0.6281575568428142,0.3718424431571858
0.268,-0.0570015000089567,0.6270165000985237,0.6270165000985237,0.3729834999014763
0.27,-0.05689795601058135,0.6258775161163949,0.6258775161163949,0.3741224838836051
0.272,-0.05679460009062039,0.6247406009968242,0.6247406009968242,0.3752593990031758
0.274,-0.05669143189452132,0.6236057508397346,0.6236057508397346,0.3763942491602654
0.276,-0.05658845106768869,0.6224729617445754,0.6224729617445754,0.3775270382554246
0.278,-0.05648565725548385,0.6213422298103224,0.6213422298103224,0.3786577701896777
0.28,-0.05638305010322522,0.6202135511354774,0.6202135511354774,0.3797864488645226
0.282,-0.05628062925618811,0.6190869218180691,0.6190869218180691,0.3809130781819309
0.284,-0.05617839438096657,0.6179623381906323,0.6179623381906323,0.3820376618093678
0.286,-0.05607634541223016,0.6168397995345317,0.6168397995345317,0.3831602004654683
0.288,-0.05597448177218078,0.6157192994939886,0.6157192994939886,0.3842807005060114
0.29,-0.05587280311603399,0.6146008342763738,0.6146008342763738,0.3853991657236263
0.292,-0.05577130909942506,0.6134844000936756,0.6134844000936756,0.3865155999063244
0.294,-0.05566999937840909,0.6123699931625,0.6123699931625,0.3876300068375001
0.296,-0.05556887360946094,0.6112576097040703,0.6112576097040703,0.3887423902959297
0.298,-0.05546793144947521,0.6101472459442273,0.6101472459442273,0.3898527540557727
0.3,-0.05536717255576634,0.6090388981134297,0.6090388981134297,0.3909611018865703
0.302,-0.05526659658606847,0.6079325624467531,0.6079325624467531,0.392067437553247
0.304,-0.05516620319853554,0.6068282351838908,0.6068282351838908,0.3931717648161092
0.306,-0.05506599205174127,0.6057259125691539,0.6057259125691539,0.3942740874308461
0.308,-0.05496596280467915,0.6046255908514706,0.6046255908514706,0.3953744091485294
0.31,-0.05486611511676243,0.6035272662843867,0.6035272662843867,0.3964727337156133
0.312,-0.0547664488677656,0.6024309375454215,0.6024309375454215,0.3975690624545784
0.314,-0.05466696375690505,0.6013366013259556,0.6013366013259556,0.3986633986740444
0.316,-0.05456765930484672,0.6002442523533139,0.6002442523533139,0.3997557476466861
0.318,-0.05446853518593636,0.5991538870452999,0.5991538870452999,0.4008461129547
0.32,-0.054369591075533,0.5980655018308629,0.5980655018308629,0.401934498169137
0.322,-0.05427082665000887,0.5969790931500976,0.5969790931500976,0.4030209068499024
0.324,-0.05417224158674949,0.5958946574542444,0.5958946574542444,0.4041053425457556
0.326,-0.05407383556415356,0.5948121912056892,0.5948121912056892,0.4051878087943109
0.328,-0.05397560826163302,0.5937316908779632,0.5937316908779632,0.4062683091220368
0.33,-0.05387755935961308,0.5926531529557439,0.5926531529557439,0.4073468470442561
0.332,-0.05377968853953217,0.5915765739348537,0.5915765739348537,0.4084234260651463
0.334,-0.05368199548384189,0.5905019503222608,0.5905019503222608,0.4094980496777392
0.336,-0.05358447987600719,0.5894292786360791,0.5894292786360791,0.4105707213639209
0.338,-0.05348714139975264,0.588358555397279,0.588358555397279,0.411641444602721
0.34,-0.05338997972069803,0.5872897769276784,0.5872897769276784,0.4127102230723216
0.342,-0.05329299454029024,0.5862229399431926,0.5862229399431926,0.4137770600568073
0.344,-0.05319618554539179,0.5851580409993098,0.5851580409993098,0.4148419590006902
0.346,-0.0530995524238485,0.5840950766623334,0.5840950766623334,0.4159049233376667
0.348,-0.05300309486448924,0.5830340435093816,0.5830340435093816,0.4169659564906184
0.35,-0.05290681255712623,0.5819749381283885,0.5819749381283885,0.4180250618716115
0.352,-0.0528107051925548,0.5809177571181028,0.5809177571181028,0.4190822428818973
0.354,-0.0527147724625535,0.5798624970880885,0.5798624970880885,0.4201375029119115
0.356,-0.05261901405988408,0.5788091546587248,0.5788091546587248,0.4211908453412752
0.358,-0.05252342967829149,0.5777577264612064,0.5777577264612064,0.4222422735387936
0.36,-0.05242801901250388,0.5767082091375426,0.5767082091375426,0.4232917908624574
0.362,-0.05233278175823258,0.5756605993405582,0.5756605993405582,0.4243394006594418
0.364,-0.05223771761217212,0.5746148937338933,0.5746148937338933,0.4253851062661067
0.366,-0.05214282602235707,0.5735710862459278,0.5735710862459278,0.4264289137540722
0.368,-0.05204810661035625,0.5725291727139188,0.5725291727139188,0.4274708272860813
0.37,-0.05195355925882487,0.5714891518470735,0.5714891518470735,0.4285108481529265
0.372,-0.05185918365233486,0.5704510201756835,0.5704510201756835,0.4295489798243165
0.374,-0.0517649794757214,0.5694147742329354,0.5694147742329354,0.4305852257670646
0.376,-0.05167094641408281,0.568380410554911,0.568380410554911,0.431619589445089
0.378,-0.05157708415278061,0.5673479256805867,0.5673479256805867,0.4326520743194134
0.38,-0.05148339237743949,0.5663173161518343,0.5663173161518343,0.4336826838481657
0.382,-0.05138987077394735,0.565288578513421,0.565288578513421,0.434711421486579
0.384,-0.05129651902845531,0.5642617093130082,0.5642617093130082,0.4357382906869917
0.386,-0.05120333682737757,0.5632367051011533,0.5632367051011533,0.4367632948988467
0.388,-0.05111032385739164,0.562213562431308,0.562213562431308,0.437786437568692
0.39,-0.05101747980543815,0.5611922778598196,0.5611922778598196,0.4388077221401804
0.392,-0.05092480435872091,0.56017284794593,0.56017284794593,0.43982715205407
0.394,-0.05083229720470698,0.5591552692517767,0.5591552692517767,0.4408447307482233
0.396,-0.05073995803112652,0.5581395383423917,0.5581395383423917,0.4418604616576082
0.398,-0.05064778652597295,0.5571256517857024,0.5571256517857024,0.4428743482142976
0.4,-0.05055578237750286,0.5561136061525314,0.5561136061525314,0.4438863938474687
0.402,-0.05046394527423598,0.5551033980165958,0.5551033980165958,0.4448966019834041
0.404,-0.05037227490495532,0.5540950239545084,0.5540950239545084,0.4459049760454916
0.406,-0.05028077095870696,0.5530884805457765,0.5530884805457765,0.4469115194542234
0.408,-0.05018943312480029,0.5520837643728032,0.5520837643728032,0.4479162356271969
0.41,-0.05009826109280779,0.5510808720208857,0.5510808720208857,0.4489191279791143
0.412,-0.05000725455256519,0.550079800078217,0.550079800078217,0.449920199921783
0.414,-0.04991641319417136,0.5490805451358849,0.5490805451358849,0.4509194548641152
0.416,-0.04982573670798839,0.5480831037878722,0.5480831037878722,0.4519168962121278
0.418,-0.04973522478464155,0.5470874726310571,0.5470874726310571,0.452912527368943
0.42,-0.04964487765951486,0.5460936542546635,0.5460936542546635,0.4539063457453366
0.422,-0.04955469518013598,0.5451016469814958,0.5451016469814958,0.4548983530185042
0.424,-0.04946467652847909,0.54411144181327,0.54411144181327,0.4558885581867301
0.426,-0.04937482141024424,0.5431230355126866,0.5431230355126866,0.4568769644873134
0.428,-0.04928512953182746,0.542136424850102,0.542136424850102,0.457863575149898
0.43,-0.04919560060032068,0.5411516066035275,0.5411516066035275,0.4588483933964725
0.432,-0.04910623432351177,0.5401685775586295,0.5401685775586295,0.4598314224413705
0.434,-0.04901703040988452,0.5391873345087297,0.5391873345087297,0.4608126654912703
0.436,-0.04892798856861866,0.5382078742548052,0.5382078742548052,0.4617921257451948
0.438,-0.04883910850958983,0.5372301936054882,0.5372301936054882,0.4627698063945118
0.44,-0.04875038994336964,0.536254289377066,0.536254289377066,0.463745710622934
0.442,-0.04866183258122558,0.5352801583934814,0.5352801583934814,0.4647198416065186
0.444,-0.04857343613512111,0.5343077974863322,0.5343077974863322,0.4656922025136678
0.446,-0.0484852003177156,0.5333372034948716,0.5333372034948716,0.4666627965051285
0.448,-0.04839712484236433,0.5323683732660076,0.5323683732660076,0.4676316267339923
0.45,-0.04830920942311856,0.5314013036543042,0.5314013036543042,0.4685986963456958
0.452,-0.04822145377472545,0.5304359915219798,0.5304359915219798,0.4695640084780202
0.454,-0.04813385761262807,0.5294724337389087,0.5294724337389087,0.4705275662610913
0.456,-0.04804642065296545,0.5285106271826199,0.5285106271826199,0.4714893728173801
0.458,-0.04795914261257254,0.527550568738298,0.527550568738298,0.4724494312617021
0.46,-0.04787202320898022,0.5265922552987824,0.5265922552987824,0.4734077447012176
0.462,-0.0477850621604153,0.5256356837645683,0.5256356837645683,0.4743643162354317
0.464,-0.04769825918580052,0.5246808510438057,0.5246808510438057,0.4753191489561943
0.466,-0.04761161400475454,0.5237277540522999,0.5237277540522999,0.4762722459477001
0.468,-0.04752512567784722,0.5227763824563194,0.5227763824563194,0.4772236175436805
0.47,-0.04743879440779321,0.5218267384857252,0.5218267384857252,0.4781732615142748
0.472,-0.04735261997392685,0.5208788197131953,0.5208788197131953,0.4791211802868047
0.474,-0.04726660209075117,0.5199326229982628,0.5199326229982628,0.4800673770017372
0.476,-0.04718074047325151,0.5189881452057665,0.5189881452057665,0.4810118547942335
0.478,-0.04709503483689562,0.5180453832058518,0.5180453832058518,0.4819546167941482
0.48,-0.0470094848976336,0.5171043338739696,0.5171043338739696,0.4828956661260305
0.482,-0.04692409037189793,0.5161649940908772,0.5161649940908772,0.4838350059091228
0.484,-0.04683885097660347,0.5152273607426381,0.5152273607426381,0.4847726392573619
0.486,-0.04675376642914743,0.5142914307206217,0.5142914307206217,0.4857085692793783
0.488,-0.04666883644740939,0.5133572009215033,0.5133572009215033,0.4866427990784967
0.49,-0.04658406074975134,0.5124246682472647,0.5124246682472647,0.4875753317527353
0.492,-0.04649943905501761,0.5114938296051936,0.5114938296051936,0.4885061703948064
0.494,-0.04641497108253487,0.5105646819078836,0.5105646819078836,0.4894353180921164
0.496,-0.04633065655211224,0.5096372220732346,0.5096372220732346,0.4903627779267654
0.498,-0.04624649518404115,0.5087114470244526,0.5087114470244526,0.4912885529755474
0.5,-0.0461624866990954,0.5077873536900495,0.5077873536900495,0.4922126463099505
0.502,-0.0460786308185312,0.5068649390038432,0.5068649390038432,0.4931350609961568
0.504,-0.04599492726408713,0.5059441999049583,0.5059441999049583,0.4940558000950417
0.506,-0.04591137575798408,0.5050251333378248,0.5050251333378248,0.4949748666621752
0.508,-0.04582797602292535,0.5041077362521789,0.5041077362521789,0.4958922637478211
0.51,-0.04574472778209666,0.5031920056030632,0.5031920056030632,0.4968079943969368
0.512,-0.04566163075916602,0.5022779383508261,0.5022779383508261,0.4977220616491739
0.514,-0.04557868471469301,0.501365531861623,0.501365531861623,0.498634468138377
0.516,-0.04549588942721719,0.5004547836993891,0.5004547836993891,0.4995452163006108
0.518,-0.04541324455041271,0.4995456900545397,0.4995456900545397,0.5004543099454603
0.52,-0.04533074981111779,0.4986382479222956,0.4986382479222956,0.5013617520777044
0.522,-0.04524840493668569,0.4977324543035425,0.4977324543035425,0.5022675456964575
0.524,-0.04516620965498461,0.4968283062048308,0.4968283062048308,0.5031716937951692
0.526,-0.04508416369439777,0.4959258006383754,0.4959258006383754,0.5040741993616246
0.528,-0.04500226678382332,0.4950249346220564,0.4950249346220564,0.5049750653779436
0.53,-0.04492051865267435,0.4941257051794178,0.4941257051794178,0.5058742948205822
0.532,-0.04483891903087903,0.4932281093396692,0.4932281093396692,0.5067718906603308
0.534,-0.04475746764888038,0.4923321441376841,0.4923321441376841,0.5076678558623159
0.536,-0.04467616423763648,0.4914378066140013,0.4914378066140013,0.5085621933859987
0.538,-0.04459500852862033,0.4905450938148237,0.4905450938148237,0.5094549061851763
0.54,-0.04451400025381996,0.4896540027920194,0.4896540027920194,0.5103459972079806
0.542,-0.04443313914573829,0.4887645306031211,0.4887645306031211,0.5112354693968789
0.544,-0.04435242493739328,0.487876674311326,0.487876674311326,0.512123325688674
0.546,-0.04427185736231783,0.4869904309854961,0.4869904309854961,0.5130095690145039
0.548,-0.04419143615455981,0.4861057977001578,0.4861057977001578,0.5138942022998422
0.55,-0.0441111610486821,0.485222771535503,0.485222771535503,0.514777228464497
0.552,-0.0440310317797625,0.4843413495773875,0.4843413495773875,0.5156586504226125
0.554,-0.04395104808339381,0.4834615289173319,0.4834615289173319,0.5165384710826681
0.556,-0.04387120969568381,0.4825833066525219,0.4825833066525219,0.5174166933474781
0.558,-0.04379151635325523,0.4817066798858075,0.4817066798858075,0.5182933201141925
0.56,-0.04371196779324579,0.4808316457257037,0.4808316457257037,0.5191683542742963
0.562,-0.04363256367946411,0.4799582004741052,0.4799582004741052,0.5200417995258948
0.564,-0.04355330378304496,0.4790863416134945,0.4790863416134945,0.5209136583865055
0.566,-0.04347418786685573,0.478216066535413,0.478216066535413,0.521783933464587
0.568,-0.04339521566899801,0.4773473723589781,0.4773473723589781,0.5226526276410219
0.57,-0.04331638692805912,0.4764802562086503,0.4764802562086503,0.5235197437913497
0.572,-0.04323770138311224,0.4756147152142346,0.4756147152142346,0.5243852847857654
0.574,-0.0431591587737164,0.4747507465108803,0.4747507465108803,0.5252492534891197
0.576,-0.04308075883991641,0.4738883472390805,0.4738883472390805,0.5261116527609195
0.578,-0.04300250132224294,0.4730275145446723,0.4730275145446723,0.5269724854553277
0.58,-0.0429243859617125,0.4721682455788375,0.4721682455788375,0.5278317544211625
0.582,-0.04284641249982741,0.4713105374981015,0.4713105374981015,0.5286894625018985
0.584,-0.04276858067857579,0.4704543874643337,0.4704543874643337,0.5295456125356663
0.586,-0.04269089024043166,0.4695997926447483,0.4695997926447483,0.5304002073552517
0.588,-0.04261334092835481,0.4687467502119028,0.4687467502119028,0.5312532497880972
0.59,-0.04253593248579087,0.4678952573436995,0.4678952573436995,0.5321047426563005
0.592,-0.04245866465667133,0.4670453112233846,0.4670453112233846,0.5329546887766154
0.594,-0.04238153718541346,0.466196909039548,0.466196909039548,0.533803090960452
0.596,-0.04230454981692039,0.4653500479861243,0.4653500479861243,0.5346499520138757
0.598,-0.04222770229658112,0.4645047252623923,0.4645047252623923,0.5354952747376077
0.6,-0.04215099437027037,0.463660938072974,0.463660938072974,0.536339061927026
0.602,-0.04207442578434879,0.4628186836278366,0.4628186836278366,0.5371813163721634
0.604,-0.04199799628566278,0.4619779591422906,0.4619779591422906,0.5380220408577094
0.606,-0.04192170562154465,0.4611387618369912,0.4611387618369912,0.5388612381630088
0.608,-0.04184555353577474,0.4603010888935221,0.4603010888935221,0.5396989111064779
0.61,-0.04176953975408124,0.4594649372948937,0.4594649372948937,0.5405350627051063
0.612,-0.04169366404719746,0.4586303045191721,0.4586303045191721,0.5413696954808279
0.614,-0.04161792616408527,0.4577971878049379,0.4577971878049379,0.5422028121950621
0.616,-0.04154232585418391,0.456965584396023,0.456965584396023,0.543034415603977
0.618,-0.04146686286740999,0.4561354915415099,0.4561354915415099,0.5438645084584901
0.62,-0.04139153695415746,0.455306906495732,0.455306906495732,0.544693093504268
0.622,-0.04131634786529765,0.4544798265182741,0.4544798265182741,0.5455201734817259
0.624,-0.04124129535217919,0.453654248873971,0.453654248873971,0.546345751126029
0.626,-0.04116637916662816,0.4528301708329098,0.4528301708329098,0.5471698291670902
0.628,-0.04109159906094791,0.452007589670427,0.452007589670427,0.547992410329573
0.63,-0.04101695478791918,0.4511865026671109,0.4511865026671109,0.5488134973328891
0.632,-0.04094244610080006,0.4503669071088007,0.4503669071088007,0.5496330928911993
0.634,-0.04086807275332602,0.4495488002865863,0.4495488002865863,0.5504511997134137
0.636,-0.04079383449970985,0.4487321794968083,0.4487321794968083,0.5512678205031917
0.638,-0.04071973109464172,0.4479170420410589,0.4479170420410589,0.5520829579589411
0.64,-0.04064576229328912,0.4471033852261802,0.4471033852261802,0.5528966147738198
0.642,-0.04057192785129694,0.4462912063642663,0.4462912063642663,0.5537087936357337
0.644,-0.04049822752478743,0.4454805027726617,0.4454805027726617,0.5545194972273383
0.646,-0.04042466107036016,0.4446712717739617,0.4446712717739617,0.5553287282260383
0.648,-0.04035122824509207,0.4438635106960127,0.4438635106960127,0.5561364893039873
0.65,-0.04027792880653746,0.443057216871912,0.443057216871912,0.556942783128088
0.652,-0.04020476251272798,0.4422523876400077,0.4422523876400077,0.5577476123599923
0.654,-0.04013172912217264,0.441449020343899,0.441449020343899,0.558550979656101
0.656,-0.04005882839385779,0.4406471123324357,0.4406471123324357,0.5593528876675643
0.658,-0.0399860600872472,0.4398466609597191,0.4398466609597191,0.5601533390402809
0.66,-0.0399134239622819,0.4390476635851008,0.4390476635851008,0.5609523364148992
0.662,-0.03984091977938034,0.4382501175731838,0.4382501175731838,0.5617498824268162
0.664,-0.03976854729943832,0.4374540202938215,0.4374540202938215,0.5625459797061785
0.666,-0.03969630628382897,0.4366593691221187,0.4366593691221187,0.5633406308778813
0.668,-0.0396241964944028,0.4358661614384307,0.4358661614384307,0.5641338385615693
0.67,-0.03955221769348766,0.4350743946283642,0.4350743946283642,0.5649256053716358
0.672,-0.03948036964388876,0.4342840660827763,0.4342840660827763,0.5657159339172237
0.674,-0.03940865210888869,0.4334951731977755,0.4334951731977755,0.5665048268022245
0.676,-0.03933706485224735,0.4327077133747208,0.4327077133747208,0.5672922866252792
0.678,-0.03926560763820205,0.4319216840202225,0.4319216840202225,0.5680783159797775
0.68,-0.0391942802314674,0.4311370825461414,0.4311370825461414,0.5688629174538586
0.682,-0.03912308239723541,0.4303539063695895,0.4303539063695895,0.5696460936304105
0.684,-0.03905201390117542,0.4295721529129296,0.4295721529129296,0.5704278470870704
0.686,-0.03898107450943415,0.4287918196037755,0.4287918196037755,0.5712081803962245
0.688,-0.03891026398863563,0.4280129038749919,0.4280129038749919,0.5719870961250081
0.69,-0.03883958210588132,0.4272354031646945,0.4272354031646945,0.5727645968353055
0.692,-0.03876902862874996,0.4264593149162496,0.4264593149162496,0.5735406850837504
0.694,-0.03869860332529769,0.4256846365782746,0.4256846365782746,0.5743153634217254
0.696,-0.03862830596405802,0.4249113656046382,0.4249113656046382,0.5750886343953618
0.698,-0.03855813631404174,0.4241394994544592,0.4241394994544592,0.5758605005455408
0.7,-0.0384880941447371,0.4233690355921081,0.4233690355921081,0.5766309644078919
0.702,-0.03841817922610963,0.4225999714872058,0.4225999714872058,0.5774000285127942
0.704,-0.03834839097358053,0.4218323007093858,0.4218323007093858,0.5781676992906142
0.706,-0.03827872946923622,0.4210660241615984,0.4210660241615984,0.5789339758384016
0.708,-0.03820919449333603,0.4203011394266963,0.4203011394266963,0.5796988605733037
0.71,-0.03813978581627353,0.4195376439790088,0.4195376439790088,0.5804623560209912
0.712,-0.03807050320889296,0.4187755352978225,0.4187755352978225,0.5812244647021775
0.714,-0.03800134644248927,0.4180148108673819,0.4180148108673819,0.5819851891326181
0.716,-0.03793231528880806,0.4172554681768886,0.4172554681768886,0.5827445318231114
0.718,-0.03786340952004564,0.4164975047205021,0.4164975047205021,0.5835024952794979
0.72,-0.03779462890884901,0.415740917997339,0.415740917997339,0.584259082002661
0.722,-0.03772597322831581,0.4149857055114738,0.4149857055114738,0.5850142944885262
0.724,-0.03765744225199442,0.4142318647719386,0.4142318647719386,0.5857681352280614
0.726,-0.03758903575388386,0.4134793932927224,0.4134793932927224,0.5865206067072776
0.728,-0.03752075350843385,0.4127282885927723,0.4127282885927723,0.5872717114072277
0.73,-0.03745259529054479,0.4119785481959927,0.4119785481959927,0.5880214518040073
0.732,-0.03738456087556777,0.4112301696312455,0.4112301696312455,0.5887698303687545
0.734,-0.03731665003930457,0.4104831504323502,0.4104831504323502,0.5895168495676498
0.736,-0.03724886255800759,0.4097374881380834,0.4097374881380834,0.5902625118619166
0.738,-0.03718119820838003,0.4089931802921803,0.4089931802921803,0.5910068197078197
0.74,-0.03711365676757568,0.4082502244433325,0.4082502244433325,0.5917497755566675
0.742,-0.03704623801319905,0.4075086181451895,0.4075086181451895,0.5924913818548105
0.744,-0.03697894172330529,0.4067683589563582,0.4067683589563582,0.5932316410436418
0.746,-0.0369117676764003,0.4060294444404033,0.4060294444404033,0.5939705555595967
0.748,-0.03684471565144062,0.4052918721658468,0.4052918721658468,0.5947081278341532
0.75,-0.03677778542783352,0.4045556397061687,0.4045556397061687,0.5954443602938313
0.752,-0.03671097678543688,0.4038207446398057,0.4038207446398057,0.5961792553601943
0.754,-0.0366442895045593,0.4030871845501522,0.4030871845501522,0.5969128154498478
0.756,-0.03657772336596009,0.4023549570255609,0.4023549570255609,0.5976450429744391
0.758,-0.03651127815084918,0.401624059659341,0.401624059659341,0.598375940340659
0.76,-0.03644495364088725,0.4008944900497597,0.4008944900497597,0.5991055099502403
0.762,-0.03637874961818564,0.400166245800042,0.400166245800042,0.599833754199958
0.764,-0.03631266586530635,0.3994393245183698,0.3994393245183698,0.6005606754816302
0.766,-0.03624670216526209,0.3987137238178831,0.3987137238178831,0.6012862761821169
0.768,-0.03618085830151626,0.3979894413166788,0.3979894413166788,0.6020105586833212
0.77,-0.03611513405798288,0.3972664746378116,0.3972664746378116,0.6027335253621884
0.772,-0.03604952921902675,0.3965448214092943,0.3965448214092943,0.6034551785907057
0.774,-0.03598404356946328,0.395824479264096,0.395824479264096,0.604175520735904
0.776,-0.0359186768945586,0.3951054458401445,0.3951054458401445,0.6048945541598555
0.778,-0.03585342898002952,0.3943877187803246,0.3943877187803246,0.6056122812196754
0.78,-0.03578829961204349,0.3936712957324784,0.3936712957324784,0.6063287042675216
0.782,-0.03572328857721869,0.3929561743494056,0.3929561743494056,0.6070438256505944
0.784,-0.035658395662624,0.3922423522888639,0.3922423522888639,0.6077576477111361
0.786,-0.03559362065577891,0.391529827213568,0.391529827213568,0.608470172786432
0.788,-0.03552896334465368,0.3908185967911905,0.3908185967911905,0.6091814032088095
0.79,-0.03546442351766919,0.3901086586943611,0.3901086586943611,0.6098913413056389
0.792,-0.03540000096369702,0.3894000106006672,0.3894000106006672,0.6105999893993328
0.794,-0.03533569547205945,0.388692650192654,0.388692650192654,0.611307349807346
0.796,-0.03527150683252944,0.3879865751578238,0.3879865751578238,0.6120134248421762
0.798,-0.03520743429773018,0.3872817772750319,0.3872817772750319,0.6127182227249681
0.8,-0.03514347801047248,0.3865782581151973,0.3865782581151973,0.6134217418848027
0.802,-0.03507963789120395,0.3858760168032435,0.3858760168032435,0.6141239831967565
0.804,-0.03501591372949468,0.3851750510244415,0.3851750510244415,0.6148249489755585
0.806,-0.03495230531533558,0.3844753584686914,0.3844753584686914,0.6155246415313086
0.808,-0.03488881243913839,0.3837769368305223,0.3837769368305223,0.6162230631694777
0.81,-0.03482543489173565,0.3830797838090921,0.3830797838090921,0.6169202161909079
0.812,-0.03476217246438074,0.3823838971081882,0.3823838971081882,0.6176161028918118
0.814,-0.03469902494874786,0.3816892744362265,0.3816892744362265,0.6183107255637735
0.816,-0.034635992136932,0.3809959135062521,0.3809959135062521,0.6190040864937479
0.818,-0.03457307382144903,0.3803038120359393,0.3803038120359393,0.6196961879640607
0.82,-0.03451026979523559,0.3796129677475915,0.3796129677475915,0.6203870322524085
0.822,-0.03444757985164915,0.3789233783681406,0.3789233783681406,0.6210766216318594
0.824,-0.03438500378446799,0.3782350416291479,0.3782350416291479,0.6217649583708521
0.826,-0.03432254138789127,0.377547955266804,0.377547955266804,0.622452044733196
0.828,-0.0342601924565389,0.3768621170219278,0.3768621170219278,0.6231378829780722
0.83,-0.03419795678545165,0.3761775246399681,0.3761775246399681,0.6238224753600319
0.832,-0.03413583417009108,0.375494175871002,0.375494175871002,0.624505824128998
0.834,-0.03407382440633962,0.3748120684697358,0.3748120684697358,0.6251879315302642
0.836,-0.03401192729050046,0.3741312001955051,0.3741312001955051,0.6258687998044949
0.838,-0.03395014261929767,0.3734515688122744,0.3734515688122744,0.6265484311877256
0.84,-0.03388847018987608,0.3727731720886369,0.3727731720886369,0.6272268279113631
0.842,-0.0338269097998014,0.3720960077978154,0.3720960077978154,0.6279039922021846
0.844,-0.03376546124706011,0.3714200737176613,0.3714200737176613,0.6285799262823387
0.846,-0.03370412433005955,0.370745367630655,0.370745367630655,0.629254632369345
0.848,-0.03364289884762788,0.3700718873239066,0.3700718873239066,0.6299281126760934
0.85,-0.03358178459901402,0.3693996305891541,0.3693996305891541,0.6306003694108459
0.852,-0.03352078138388778,0.3687285952227655,0.3687285952227655,0.6312714047772345
0.854,-0.03345988900233975,0.3680587790257372,0.3680587790257372,0.6319412209742628
0.856,-0.03339910725488139,0.3673901798036953,0.3673901798036953,0.6326098201963047
0.858,-0.03333843594244491,0.366722795366894,0.366722795366894,0.633277204633106
0.86,-0.03327787486638342,0.3660566235302176,0.3660566235302176,0.6339433764697824
0.862,-0.03321742382847075,0.3653916621131783,0.3653916621131783,0.6346083378868217
0.864,-0.03315708263090165,0.3647279089399181,0.3647279089399181,0.6352720910600819
0.866,-0.03309685107629164,0.364065361839208,0.364065361839208,0.635934638160792
0.868,-0.03303672896767708,0.3634040186444478,0.3634040186444478,0.6365959813555522
0.87,-0.03297671610851512,0.3627438771936663,0.3627438771936663,0.6372561228063337
0.872,-0.03291681230268375,0.3620849353295212,0.3620849353295212,0.6379150646704788
0.874,-0.03285701735448181,0.3614271908992999,0.3614271908992999,0.6385728091007001
0.876,-0.0327973310686289,0.3607706417549179,0.3607706417549179,0.6392293582450821
0.878,-0.03273775325026549,0.3601152857529204,0.3601152857529204,0.6398847142470796
0.88,-0.03267828370495285,0.3594611207544813,0.3594611207544813,0.6405388792455187
0.882,-0.03261892223867307,0.3588081446254038,0.3588081446254038,0.6411918553745962
0.884,-0.03255966865782906,0.3581563552361197,0.3581563552361197,0.6418436447638803
0.886,-0.03250052276924457,0.3575057504616903,0.3575057504616903,0.6424942495383097
0.888,-0.03244148438016416,0.3568563281818058,0.3568563281818058,0.6431436718181942
0.89,-0.03238255329825317,0.3562080862807849,0.3562080862807849,0.6437919137192151
0.892,-0.0323237287504188,0.3555610162546068,0.3555610162546068,0.6444389837453932
0.894,-0.03226501071747057,0.3549151178921762,0.3549151178921762,0.6450848821078238
0.896,-0.0322063993425314,0.3542703927678453,0.3542703927678453,0.6457296072321547
0.898,-0.03214789443242554,0.353626838756681,0.353626838756681,0.646373161243319
0.9,-0.03208949579436345,0.3529844537379979,0.3529844537379979,0.6470155462620021
0.902,-0.03203120323594177,0.3523432355953594,0.3523432355953594,0.6476567644046406
0.904,-0.03197301656514331,0.3517031822165765,0.3517031822165765,0.6482968177834235
0.906,-0.03191493559033708,0.3510642914937079,0.3510642914937079,0.6489357085062921
0.908,-0.03185696012027827,0.3504265613230609,0.3504265613230609,0.6495734386769391
0.91,-0.03179908996410823,0.3497899896051906,0.3497899896051906,0.6502100103948094
0.912,-0.03174132493135457,0.3491545742449003,0.3491545742449003,0.6508454257550997
0.914,-0.031683664831931,0.348520313151241,0.348520313151241,0.651479686848759
0.916,-0.03162610947613743,0.3478872042375117,0.3478872042375117,0.6521127957624883
0.918,-0.03156865867466001,0.3472552454212602,0.3472552454212602,0.6527447545787398
0.92,-0.03151131223857103,0.3466244346242813,0.3466244346242813,0.6533755653757187
0.922,-0.03145406997932897,0.3459947697726187,0.3459947697726187,0.6540052302273813
0.924,-0.03139693170877848,0.3453662487965633,0.3453662487965633,0.6546337512034367
0.926,-0.03133989723915044,0.3447388696306548,0.3447388696306548,0.6552611303693452
0.928,-0.03128296638306188,0.3441126302136807,0.3441126302136807,0.6558873697863193
0.93,-0.031226138953516,0.343487528488676,0.343487528488676,0.656512471511324
0.932,-0.03116941476390225,0.3428635624029247,0.3428635624029247,0.6571364375970753
0.934,-0.03111279362799617,0.3422407299079578,0.3422407299079578,0.6577592700920422
0.936,-0.03105627535995957,0.3416190289595553,0.3416190289595553,0.6583809710404447
0.938,-0.03099985977434043,0.3409984575177447,0.3409984575177447,0.6590015424822553
0.94,-0.03094354668607284,0.3403790135468012,0.3403790135468012,0.6596209864531988
0.942,-0.03088733591047717,0.3397606950152489,0.3397606950152489,0.6602393049847511
0.944,-0.03083122726325992,0.3391434998958591,0.3391434998958591,0.6608565001041409
0.946,-0.0307752205605138,0.3385274261656518,0.3385274261656518,0.6614725738343482
0.948,-0.0307193156187177,0.3379124718058947,0.3379124718058947,0.6620875281941053
0.95,-0.03066351225473668,0.3372986348021034,0.3372986348021034,0.6627013651978966
0.952,-0.03060781028582199,0.3366859131440418,0.3366859131440418,0.6633140868559582
0.954,-0.03055220952961107,0.3360743048257218,0.3360743048257218,0.6639256951742782
0.956,-0.03049670980412755,0.3354638078454031,0.3354638078454031,0.6645361921545969
0.958,-0.03044131092778125,0.3348544202055938,0.3348544202055938,0.6651455797944062
0.96,-0.03038601271936813,0.3342461399130494,0.3342461399130494,0.6657538600869506
0.962,-0.03033081499807041,0.3336389649787745,0.3336389649787745,0.6663610350212255
0.964,-0.03027571758345645,0.3330328934180209,0.3330328934180209,0.6669671065819791
0.966,-0.03022072029548075,0.3324279232502882,0.3324279232502882,0.6675720767497118
0.968,-0.0301658229544841,0.331824052499325,0.331824052499325,0.668175947500675
0.97,-0.03011102538119336,0.3312212791931269,0.3312212791931269,0.6687787208068731
0.972,-0.03005632739672169,0.3306196013639386,0.3306196013639386,0.6693803986360614
0.974,-0.03000172882256834,0.3300190170482518,0.3300190170482518,0.6699809829517482
0.976,-0.0299472294806188,0.3294195242868068,0.3294195242868068,0.6705804757131932
0.978,-0.02989282919314473,0.3288211211245921,0.3288211211245921,0.6711788788754079
0.98,-0.02983852778280395,0.3282238056108434,0.3282238056108434,0.6717761943891566
0.982,-0.02978432507264052,0.3276275757990457,0.3276275757990457,0.6723724242009543
0.984,-0.02973022088608461,0.3270324297469307,0.3270324297469307,0.6729675702530693
0.986,-0.02967621464182693,0.3264383610600963,0.3264383610600963,0.6735616389399037
0.988,-0.02962230602506705,0.3258453662757376,0.3258453662757376,0.6741546337242624
0.99,-0.02956849533241099,0.3252534486565209,0.3252534486565209,0.6747465513434791
0.992,-0.02951478238638776,0.3246626062502653,0.3246626062502653,0.6753373937497347
0.994,-0.0294611670098789,0.324072837108668,0.324072837108668,0.675927162891332
0.996,-0.02940764902611857,0.3234841392873042,0.3234841392873042,0.6765158607126958
0.998,-0.02935422825869337,0.3228965108456271,0.3228965108456271,0.6771034891543729
1,-0.02930090453154251,0.3223099498469676,0.3223099498469676,0.6776900501530324
1,-0.02930090453154251,0.3223099498469676,0.3223099498469676,0.6776900501530324
